sid,name,time,lat,lon
2018186N10325,BERYL,2018-07-04 12:00:00,10.0,-34.9
2018186N10325,BERYL,2018-07-04 15:00:00,10.1,-35.7
2018186N10325,BERYL,2018-07-04 18:00:00,10.1,-36.5
2018186N10325,BERYL,2018-07-04 21:00:00,10.1,-37.3
2018186N10325,BERYL,2018-07-05 00:00:00,10.1,-38.0
2018186N10325,BERYL,2018-07-05 03:00:00,10.1,-38.8
2018186N10325,BERYL,2018-07-05 06:00:00,10.1,-39.5
2018186N10325,BERYL,2018-07-05 09:00:00,10.1,-40.2
2018186N10325,BERYL,2018-07-05 12:00:00,10.2,-40.9
2018186N10325,BERYL,2018-07-05 15:00:00,10.3,-41.6
2018186N10325,BERYL,2018-07-05 18:00:00,10.3,-42.3
2018186N10325,BERYL,2018-07-05 21:00:00,10.3,-42.9
2018186N10325,BERYL,2018-07-06 00:00:00,10.3,-43.4
2018186N10325,BERYL,2018-07-06 03:00:00,10.4,-44.0
2018186N10325,BERYL,2018-07-06 06:00:00,10.5,-44.6
2018186N10325,BERYL,2018-07-06 09:00:00,10.6,-45.3
2018186N10325,BERYL,2018-07-06 12:00:00,10.7,-46.0
2018186N10325,BERYL,2018-07-06 15:00:00,10.7,-46.7
2018186N10325,BERYL,2018-07-06 18:00:00,10.6,-47.3
2018186N10325,BERYL,2018-07-06 21:00:00,10.6,-47.8
2018186N10325,BERYL,2018-07-07 00:00:00,10.7,-48.3
2018186N10325,BERYL,2018-07-07 03:00:00,10.9,-48.8
2018186N10325,BERYL,2018-07-07 06:00:00,11.1,-49.3
2018186N10325,BERYL,2018-07-07 09:00:00,11.4,-49.8
2018186N10325,BERYL,2018-07-07 12:00:00,11.7,-50.4
2018186N10325,BERYL,2018-07-07 15:00:00,12.1,-51.2
2018186N10325,BERYL,2018-07-07 18:00:00,12.4,-52.0
2018186N10325,BERYL,2018-07-07 21:00:00,12.7,-52.8
2018186N10325,BERYL,2018-07-08 00:00:00,12.9,-53.6
2018186N10325,BERYL,2018-07-08 03:00:00,13.1,-54.4
2018186N10325,BERYL,2018-07-08 06:00:00,13.4,-55.2
2018186N10325,BERYL,2018-07-08 09:00:00,13.7,-56.0
2018186N10325,BERYL,2018-07-08 12:00:00,14.1,-56.9
2018186N10325,BERYL,2018-07-08 15:00:00,14.5,-58.0
2018186N10325,BERYL,2018-07-08 18:00:00,14.8,-59.2
2018186N10325,BERYL,2018-07-08 21:00:00,15.1,-60.3
2018186N10325,BERYL,2018-07-09 00:00:00,15.5,-61.3
2018186N10325,BERYL,2018-07-09 03:00:00,15.9,-62.3
2018186N10325,BERYL,2018-07-09 06:00:00,16.2,-63.2
2018186N10325,BERYL,2018-07-09 09:00:00,16.4,-64.3
2018186N10325,BERYL,2018-07-09 12:00:00,16.6,-65.3
2018186N10325,BERYL,2018-07-09 15:00:00,16.8,-66.2
2018186N10325,BERYL,2018-07-09 18:00:00,17.1,-67.1
2018186N10325,BERYL,2018-07-09 21:00:00,17.3,-68.0
2018186N10325,BERYL,2018-07-10 00:00:00,17.6,-68.9
2018186N10325,BERYL,2018-07-10 03:00:00,17.8,-69.8
2018186N10325,BERYL,2018-07-10 06:00:00,18.1,-70.5
2018186N10325,BERYL,2018-07-10 09:00:00,18.7,-71.1
2018186N10325,BERYL,2018-07-10 12:00:00,19.3,-71.6
2018186N10325,BERYL,2018-07-10 15:00:00,19.8,-72.0
2018186N10325,BERYL,2018-07-10 18:00:00,20.2,-72.4
2018186N10325,BERYL,2018-07-10 21:00:00,20.7,-72.7
2018186N10325,BERYL,2018-07-11 00:00:00,21.3,-73.0
2018186N10325,BERYL,2018-07-11 03:00:00,21.8,-73.3
2018186N10325,BERYL,2018-07-11 06:00:00,22.4,-73.6
2018186N10325,BERYL,2018-07-11 09:00:00,23.0,-73.7
2018186N10325,BERYL,2018-07-11 12:00:00,23.7,-73.8
2018186N10325,BERYL,2018-07-11 15:00:00,24.4,-73.8
2018186N10325,BERYL,2018-07-11 18:00:00,25.2,-73.8
2018186N10325,BERYL,2018-07-11 21:00:00,25.9,-73.7
2018186N10325,BERYL,2018-07-12 00:00:00,26.7,-73.6
2018186N10325,BERYL,2018-07-12 03:00:00,27.5,-73.4
2018186N10325,BERYL,2018-07-12 06:00:00,28.2,-73.1
2018186N10325,BERYL,2018-07-12 09:00:00,28.9,-72.8
2018186N10325,BERYL,2018-07-12 12:00:00,29.6,-72.4
2018186N10325,BERYL,2018-07-12 15:00:00,30.2,-72.0
2018186N10325,BERYL,2018-07-12 18:00:00,30.8,-71.6
2018186N10325,BERYL,2018-07-12 21:00:00,31.4,-71.1
2018186N10325,BERYL,2018-07-13 00:00:00,31.9,-70.7
2018186N10325,BERYL,2018-07-13 03:00:00,32.3,-70.4
2018186N10325,BERYL,2018-07-13 06:00:00,32.6,-70.1
2018186N10325,BERYL,2018-07-13 09:00:00,33.0,-69.8
2018186N10325,BERYL,2018-07-13 12:00:00,33.3,-69.4
2018186N10325,BERYL,2018-07-13 15:00:00,33.6,-69.0
2018186N10325,BERYL,2018-07-13 18:00:00,33.9,-68.6
2018186N10325,BERYL,2018-07-13 21:00:00,34.2,-68.3
2018186N10325,BERYL,2018-07-14 00:00:00,34.5,-68.0
2018186N10325,BERYL,2018-07-14 03:00:00,34.7,-67.7
2018186N10325,BERYL,2018-07-14 06:00:00,35.0,-67.3
2018186N10325,BERYL,2018-07-14 09:00:00,35.3,-66.7
2018186N10325,BERYL,2018-07-14 12:00:00,35.6,-66.2
2018186N10325,BERYL,2018-07-14 15:00:00,36.1,-65.8
2018186N10325,BERYL,2018-07-14 18:00:00,36.7,-65.5
2018186N10325,BERYL,2018-07-14 21:00:00,37.3,-65.5
2018186N10325,BERYL,2018-07-15 00:00:00,37.8,-65.5
2018186N10325,BERYL,2018-07-15 03:00:00,38.1,-65.5
2018186N10325,BERYL,2018-07-15 06:00:00,38.2,-65.4
2018186N10325,BERYL,2018-07-15 09:00:00,38.2,-65.3
2018186N10325,BERYL,2018-07-15 12:00:00,38.1,-65.1
2018186N10325,BERYL,2018-07-15 15:00:00,38.0,-64.8
2018186N10325,BERYL,2018-07-15 18:00:00,38.0,-64.3
2018186N10325,BERYL,2018-07-15 21:00:00,38.1,-63.7
2018186N10325,BERYL,2018-07-16 00:00:00,38.3,-63.1
2018186N10325,BERYL,2018-07-16 03:00:00,38.5,-62.5
2018186N10325,BERYL,2018-07-16 06:00:00,38.7,-61.8
2018186N10325,BERYL,2018-07-16 09:00:00,39.0,-61.0
2018186N10325,BERYL,2018-07-16 12:00:00,39.5,-60.2
2018186N10325,BERYL,2018-07-16 15:00:00,40.0,-59.3
2018186N10325,BERYL,2018-07-16 18:00:00,40.7,-58.5
2018186N10325,BERYL,2018-07-16 21:00:00,41.8,-57.8
2018186N10325,BERYL,2018-07-17 00:00:00,43.0,-57.1
2018186N10325,BERYL,2018-07-17 03:00:00,44.3,-56.4
2018186N10325,BERYL,2018-07-17 06:00:00,45.5,-55.7
2018186N31292,CHRIS,2018-07-05 06:00:00,30.7,-68.5
2018186N31292,CHRIS,2018-07-05 09:00:00,30.7,-69.1
2018186N31292,CHRIS,2018-07-05 12:00:00,30.7,-69.7
2018186N31292,CHRIS,2018-07-05 15:00:00,30.7,-70.2
2018186N31292,CHRIS,2018-07-05 18:00:00,30.8,-70.7
2018186N31292,CHRIS,2018-07-05 21:00:00,30.8,-71.2
2018186N31292,CHRIS,2018-07-06 00:00:00,30.9,-71.7
2018186N31292,CHRIS,2018-07-06 03:00:00,31.0,-72.2
2018186N31292,CHRIS,2018-07-06 06:00:00,31.2,-72.6
2018186N31292,CHRIS,2018-07-06 09:00:00,31.3,-72.9
2018186N31292,CHRIS,2018-07-06 12:00:00,31.5,-73.1
2018186N31292,CHRIS,2018-07-06 15:00:00,31.6,-73.3
2018186N31292,CHRIS,2018-07-06 18:00:00,31.8,-73.6
2018186N31292,CHRIS,2018-07-06 21:00:00,32.0,-73.9
2018186N31292,CHRIS,2018-07-07 00:00:00,32.2,-74.2
2018186N31292,CHRIS,2018-07-07 03:00:00,32.4,-74.4
2018186N31292,CHRIS,2018-07-07 06:00:00,32.6,-74.6
2018186N31292,CHRIS,2018-07-07 09:00:00,32.7,-74.8
2018186N31292,CHRIS,2018-07-07 12:00:00,32.7,-74.9
2018186N31292,CHRIS,2018-07-07 15:00:00,32.8,-75.1
2018186N31292,CHRIS,2018-07-07 18:00:00,32.8,-75.2
2018186N31292,CHRIS,2018-07-07 21:00:00,32.8,-75.3
2018186N31292,CHRIS,2018-07-08 00:00:00,32.9,-75.3
2018186N31292,CHRIS,2018-07-08 03:00:00,33.0,-75.4
2018186N31292,CHRIS,2018-07-08 06:00:00,33.1,-75.4
2018186N31292,CHRIS,2018-07-08 09:00:00,33.1,-75.2
2018186N31292,CHRIS,2018-07-08 12:00:00,33.1,-75.0
2018186N31292,CHRIS,2018-07-08 15:00:00,33.0,-74.9
2018186N31292,CHRIS,2018-07-08 18:00:00,32.8,-74.8
2018186N31292,CHRIS,2018-07-08 21:00:00,32.7,-74.7
2018186N31292,CHRIS,2018-07-09 00:00:00,32.6,-74.6
2018186N31292,CHRIS,2018-07-09 03:00:00,32.5,-74.5
2018186N31292,CHRIS,2018-07-09 06:00:00,32.4,-74.5
2018186N31292,CHRIS,2018-07-09 09:00:00,32.3,-74.6
2018186N31292,CHRIS,2018-07-09 12:00:00,32.2,-74.6
2018186N31292,CHRIS,2018-07-09 15:00:00,32.1,-74.5
2018186N31292,CHRIS,2018-07-09 18:00:00,32.1,-74.4
2018186N31292,CHRIS,2018-07-09 21:00:00,32.1,-74.3
2018186N31292,CHRIS,2018-07-10 00:00:00,32.2,-74.3
2018186N31292,CHRIS,2018-07-10 03:00:00,32.3,-74.2
2018186N31292,CHRIS,2018-07-10 06:00:00,32.4,-74.1
2018186N31292,CHRIS,2018-07-10 09:00:00,32.6,-73.8
2018186N31292,CHRIS,2018-07-10 12:00:00,32.9,-73.5
2018186N31292,CHRIS,2018-07-10 15:00:00,33.1,-73.2
2018186N31292,CHRIS,2018-07-10 18:00:00,33.4,-72.8
2018186N31292,CHRIS,2018-07-10 21:00:00,33.6,-72.4
2018186N31292,CHRIS,2018-07-11 00:00:00,33.9,-71.9
2018186N31292,CHRIS,2018-07-11 03:00:00,34.2,-71.4
2018186N31292,CHRIS,2018-07-11 06:00:00,34.6,-70.7
2018186N31292,CHRIS,2018-07-11 09:00:00,35.0,-70.0
2018186N31292,CHRIS,2018-07-11 12:00:00,35.6,-69.1
2018186N31292,CHRIS,2018-07-11 15:00:00,36.3,-68.0
2018186N31292,CHRIS,2018-07-11 18:00:00,37.0,-66.8
2018186N31292,CHRIS,2018-07-11 21:00:00,37.7,-65.6
2018186N31292,CHRIS,2018-07-12 00:00:00,38.5,-64.3
2018186N31292,CHRIS,2018-07-12 03:00:00,39.6,-63.0
2018186N31292,CHRIS,2018-07-12 06:00:00,40.9,-61.7
2018186N31292,CHRIS,2018-07-12 09:00:00,42.1,-60.5
2018186N31292,CHRIS,2018-07-12 12:00:00,43.3,-59.2
2018186N31292,CHRIS,2018-07-12 15:00:00,44.5,-57.8
2018186N31292,CHRIS,2018-07-12 18:00:00,45.7,-56.4
2018186N31292,CHRIS,2018-07-12 21:00:00,46.9,-54.9
2018186N31292,CHRIS,2018-07-13 00:00:00,48.0,-53.4
2018186N31292,CHRIS,2018-07-13 03:00:00,49.1,-51.8
2018186N31292,CHRIS,2018-07-13 06:00:00,50.0,-50.0
2018186N31292,CHRIS,2018-07-13 09:00:00,50.6,-47.7
2018186N31292,CHRIS,2018-07-13 12:00:00,51.0,-45.0
2018186N31292,CHRIS,2018-07-13 15:00:00,51.5,-42.0
2018186N31292,CHRIS,2018-07-13 18:00:00,52.0,-39.0
2018186N31292,CHRIS,2018-07-13 21:00:00,52.6,-36.2
2018186N31292,CHRIS,2018-07-14 00:00:00,53.5,-33.5
2018186N31292,CHRIS,2018-07-14 03:00:00,54.7,-30.6
2018186N31292,CHRIS,2018-07-14 06:00:00,56.0,-28.0
2018186N31292,CHRIS,2018-07-14 09:00:00,57.1,-26.3
2018186N31292,CHRIS,2018-07-14 12:00:00,58.0,-25.0
2018186N31292,CHRIS,2018-07-14 15:00:00,58.8,-23.6
2018186N31292,CHRIS,2018-07-14 18:00:00,59.5,-22.5
2018186N31292,CHRIS,2018-07-14 21:00:00,60.1,-21.6
2018186N31292,CHRIS,2018-07-15 00:00:00,60.5,-21.0
2018186N31292,CHRIS,2018-07-15 03:00:00,60.6,-20.7
2018186N31292,CHRIS,2018-07-15 06:00:00,60.6,-20.6
2018186N31292,CHRIS,2018-07-15 09:00:00,60.6,-20.5
2018186N31292,CHRIS,2018-07-15 12:00:00,60.7,-20.3
2018186N31292,CHRIS,2018-07-15 15:00:00,60.8,-20.0
2018186N31292,CHRIS,2018-07-15 18:00:00,60.9,-19.5
2018186N31292,CHRIS,2018-07-15 21:00:00,61.0,-19.1
2018186N31292,CHRIS,2018-07-16 00:00:00,61.0,-18.5
2018186N31292,CHRIS,2018-07-16 03:00:00,61.0,-17.5
2018186N31292,CHRIS,2018-07-16 06:00:00,61.1,-16.3
2018186N31292,CHRIS,2018-07-16 09:00:00,61.1,-14.9
2018186N31292,CHRIS,2018-07-16 12:00:00,61.3,-13.7
2018186N31292,CHRIS,2018-07-16 15:00:00,61.6,-12.9
2018186N31292,CHRIS,2018-07-16 18:00:00,62.1,-12.5
2018186N31292,CHRIS,2018-07-16 21:00:00,62.6,-12.2
2018186N31292,CHRIS,2018-07-17 00:00:00,63.1,-12.0
2018186N31292,CHRIS,2018-07-17 03:00:00,63.3,-11.9
2018186N31292,CHRIS,2018-07-17 06:00:00,63.3,-11.8
2018186N31292,CHRIS,2018-07-17 09:00:00,63.4,-11.7
2018186N31292,CHRIS,2018-07-17 12:00:00,63.5,-11.5
2018242N13343,FLORENCE,2018-08-30 06:00:00,12.8,-16.9
2018242N13343,FLORENCE,2018-08-30 09:00:00,12.8,-17.4
2018242N13343,FLORENCE,2018-08-30 12:00:00,12.8,-17.9
2018242N13343,FLORENCE,2018-08-30 15:00:00,12.8,-18.4
2018242N13343,FLORENCE,2018-08-30 18:00:00,12.8,-19.0
2018242N13343,FLORENCE,2018-08-30 21:00:00,12.9,-19.6
2018242N13343,FLORENCE,2018-08-31 00:00:00,13.1,-20.2
2018242N13343,FLORENCE,2018-08-31 03:00:00,13.3,-20.8
2018242N13343,FLORENCE,2018-08-31 06:00:00,13.4,-21.4
2018242N13343,FLORENCE,2018-08-31 09:00:00,13.5,-22.0
2018242N13343,FLORENCE,2018-08-31 12:00:00,13.6,-22.6
2018242N13343,FLORENCE,2018-08-31 15:00:00,13.7,-23.2
2018242N13343,FLORENCE,2018-08-31 18:00:00,13.8,-23.8
2018242N13343,FLORENCE,2018-08-31 21:00:00,13.9,-24.4
2018242N13343,FLORENCE,2018-09-01 00:00:00,14.0,-24.9
2018242N13343,FLORENCE,2018-09-01 03:00:00,14.1,-25.5
2018242N13343,FLORENCE,2018-09-01 06:00:00,14.3,-26.1
2018242N13343,FLORENCE,2018-09-01 09:00:00,14.5,-26.7
2018242N13343,FLORENCE,2018-09-01 12:00:00,14.8,-27.2
2018242N13343,FLORENCE,2018-09-01 15:00:00,15.1,-27.7
2018242N13343,FLORENCE,2018-09-01 18:00:00,15.4,-28.3
2018242N13343,FLORENCE,2018-09-01 21:00:00,15.7,-28.9
2018242N13343,FLORENCE,2018-09-02 00:00:00,15.9,-29.6
2018242N13343,FLORENCE,2018-09-02 03:00:00,16.2,-30.2
2018242N13343,FLORENCE,2018-09-02 06:00:00,16.4,-30.9
2018242N13343,FLORENCE,2018-09-02 09:00:00,16.6,-31.6
2018242N13343,FLORENCE,2018-09-02 12:00:00,16.8,-32.4
2018242N13343,FLORENCE,2018-09-02 15:00:00,16.9,-33.1
2018242N13343,FLORENCE,2018-09-02 18:00:00,17.1,-33.8
2018242N13343,FLORENCE,2018-09-02 21:00:00,17.3,-34.5
2018242N13343,FLORENCE,2018-09-03 00:00:00,17.6,-35.2
2018242N13343,FLORENCE,2018-09-03 03:00:00,17.8,-35.9
2018242N13343,FLORENCE,2018-09-03 06:00:00,17.9,-36.6
2018242N13343,FLORENCE,2018-09-03 09:00:00,18.1,-37.3
2018242N13343,FLORENCE,2018-09-03 12:00:00,18.2,-38.0
2018242N13343,FLORENCE,2018-09-03 15:00:00,18.3,-38.6
2018242N13343,FLORENCE,2018-09-03 18:00:00,18.4,-39.2
2018242N13343,FLORENCE,2018-09-03 21:00:00,18.5,-39.7
2018242N13343,FLORENCE,2018-09-04 00:00:00,18.7,-40.2
2018242N13343,FLORENCE,2018-09-04 03:00:00,18.9,-40.7
2018242N13343,FLORENCE,2018-09-04 06:00:00,19.1,-41.2
2018242N13343,FLORENCE,2018-09-04 09:00:00,19.3,-41.6
2018242N13343,FLORENCE,2018-09-04 12:00:00,19.5,-42.0
2018242N13343,FLORENCE,2018-09-04 15:00:00,19.7,-42.4
2018242N13343,FLORENCE,2018-09-04 18:00:00,20.0,-42.7
2018242N13343,FLORENCE,2018-09-04 21:00:00,20.2,-43.0
2018242N13343,FLORENCE,2018-09-05 00:00:00,20.4,-43.4
2018242N13343,FLORENCE,2018-09-05 03:00:00,20.7,-43.8
2018242N13343,FLORENCE,2018-09-05 06:00:00,21.1,-44.3
2018242N13343,FLORENCE,2018-09-05 09:00:00,21.4,-44.7
2018242N13343,FLORENCE,2018-09-05 12:00:00,21.7,-45.2
2018242N13343,FLORENCE,2018-09-05 15:00:00,22.0,-45.7
2018242N13343,FLORENCE,2018-09-05 18:00:00,22.4,-46.2
2018242N13343,FLORENCE,2018-09-05 21:00:00,22.7,-46.6
2018242N13343,FLORENCE,2018-09-06 00:00:00,23.1,-46.9
2018242N13343,FLORENCE,2018-09-06 03:00:00,23.5,-47.3
2018242N13343,FLORENCE,2018-09-06 06:00:00,23.8,-47.6
2018242N13343,FLORENCE,2018-09-06 09:00:00,24.1,-47.9
2018242N13343,FLORENCE,2018-09-06 12:00:00,24.4,-48.2
2018242N13343,FLORENCE,2018-09-06 15:00:00,24.6,-48.6
2018242N13343,FLORENCE,2018-09-06 18:00:00,24.8,-49.0
2018242N13343,FLORENCE,2018-09-06 21:00:00,24.9,-49.3
2018242N13343,FLORENCE,2018-09-07 00:00:00,25.0,-49.6
2018242N13343,FLORENCE,2018-09-07 03:00:00,25.0,-49.9
2018242N13343,FLORENCE,2018-09-07 06:00:00,25.0,-50.3
2018242N13343,FLORENCE,2018-09-07 09:00:00,25.0,-50.7
2018242N13343,FLORENCE,2018-09-07 12:00:00,24.9,-51.1
2018242N13343,FLORENCE,2018-09-07 15:00:00,24.8,-51.5
2018242N13343,FLORENCE,2018-09-07 18:00:00,24.8,-52.0
2018242N13343,FLORENCE,2018-09-07 21:00:00,24.7,-52.5
2018242N13343,FLORENCE,2018-09-08 00:00:00,24.7,-52.9
2018242N13343,FLORENCE,2018-09-08 03:00:00,24.6,-53.3
2018242N13343,FLORENCE,2018-09-08 06:00:00,24.6,-53.6
2018242N13343,FLORENCE,2018-09-08 09:00:00,24.6,-53.9
2018242N13343,FLORENCE,2018-09-08 12:00:00,24.6,-54.1
2018242N13343,FLORENCE,2018-09-08 15:00:00,24.6,-54.3
2018242N13343,FLORENCE,2018-09-08 18:00:00,24.6,-54.5
2018242N13343,FLORENCE,2018-09-08 21:00:00,24.6,-54.7
2018242N13343,FLORENCE,2018-09-09 00:00:00,24.5,-55.0
2018242N13343,FLORENCE,2018-09-09 03:00:00,24.4,-55.2
2018242N13343,FLORENCE,2018-09-09 06:00:00,24.4,-55.5
2018242N13343,FLORENCE,2018-09-09 09:00:00,24.4,-55.8
2018242N13343,FLORENCE,2018-09-09 12:00:00,24.4,-56.1
2018242N13343,FLORENCE,2018-09-09 15:00:00,24.4,-56.4
2018242N13343,FLORENCE,2018-09-09 18:00:00,24.4,-56.7
2018242N13343,FLORENCE,2018-09-09 21:00:00,24.4,-57.0
2018242N13343,FLORENCE,2018-09-10 00:00:00,24.5,-57.3
2018242N13343,FLORENCE,2018-09-10 03:00:00,24.6,-57.8
2018242N13343,FLORENCE,2018-09-10 06:00:00,24.7,-58.4
2018242N13343,FLORENCE,2018-09-10 09:00:00,24.8,-59.0
2018242N13343,FLORENCE,2018-09-10 12:00:00,24.9,-59.5
2018242N13343,FLORENCE,2018-09-10 15:00:00,25.0,-60.0
2018242N13343,FLORENCE,2018-09-10 18:00:00,25.2,-60.6
2018242N13343,FLORENCE,2018-09-10 21:00:00,25.4,-61.2
2018242N13343,FLORENCE,2018-09-11 00:00:00,25.6,-61.8
2018242N13343,FLORENCE,2018-09-11 03:00:00,25.8,-62.5
2018242N13343,FLORENCE,2018-09-11 06:00:00,26.0,-63.2
2018242N13343,FLORENCE,2018-09-11 09:00:00,26.2,-63.9
2018242N13343,FLORENCE,2018-09-11 12:00:00,26.5,-64.7
2018242N13343,FLORENCE,2018-09-11 15:00:00,26.8,-65.5
2018242N13343,FLORENCE,2018-09-11 18:00:00,27.2,-66.4
2018242N13343,FLORENCE,2018-09-11 21:00:00,27.5,-67.3
2018242N13343,FLORENCE,2018-09-12 00:00:00,27.9,-68.1
2018242N13343,FLORENCE,2018-09-12 03:00:00,28.3,-68.8
2018242N13343,FLORENCE,2018-09-12 06:00:00,28.7,-69.5
2018242N13343,FLORENCE,2018-09-12 09:00:00,29.0,-70.1
2018242N13343,FLORENCE,2018-09-12 12:00:00,29.4,-70.7
2018242N13343,FLORENCE,2018-09-12 15:00:00,29.9,-71.3
2018242N13343,FLORENCE,2018-09-12 18:00:00,30.4,-71.9
2018242N13343,FLORENCE,2018-09-12 21:00:00,31.0,-72.6
2018242N13343,FLORENCE,2018-09-13 00:00:00,31.5,-73.2
2018242N13343,FLORENCE,2018-09-13 03:00:00,32.0,-73.7
2018242N13343,FLORENCE,2018-09-13 06:00:00,32.4,-74.2
2018242N13343,FLORENCE,2018-09-13 09:00:00,32.8,-74.7
2018242N13343,FLORENCE,2018-09-13 12:00:00,33.1,-75.1
2018242N13343,FLORENCE,2018-09-13 15:00:00,33.4,-75.6
2018242N13343,FLORENCE,2018-09-13 18:00:00,33.6,-76.0
2018242N13343,FLORENCE,2018-09-13 21:00:00,33.8,-76.3
2018242N13343,FLORENCE,2018-09-14 00:00:00,34.0,-76.5
2018242N13343,FLORENCE,2018-09-14 03:00:00,34.1,-76.8
2018242N13343,FLORENCE,2018-09-14 06:00:00,34.2,-77.2
2018242N13343,FLORENCE,2018-09-14 09:00:00,34.3,-77.5
2018242N13343,FLORENCE,2018-09-14 11:15:00,34.2,-77.8
2018242N13343,FLORENCE,2018-09-14 12:00:00,34.1,-77.9
2018242N13343,FLORENCE,2018-09-14 15:00:00,34.0,-78.2
2018242N13343,FLORENCE,2018-09-14 18:00:00,34.0,-78.4
2018242N13343,FLORENCE,2018-09-14 21:00:00,34.0,-78.6
2018242N13343,FLORENCE,2018-09-15 00:00:00,33.9,-78.8
2018242N13343,FLORENCE,2018-09-15 03:00:00,33.8,-79.1
2018242N13343,FLORENCE,2018-09-15 06:00:00,33.7,-79.3
2018242N13343,FLORENCE,2018-09-15 09:00:00,33.6,-79.4
2018242N13343,FLORENCE,2018-09-15 12:00:00,33.6,-79.5
2018242N13343,FLORENCE,2018-09-15 15:00:00,33.6,-79.6
2018242N13343,FLORENCE,2018-09-15 18:00:00,33.6,-79.8
2018242N13343,FLORENCE,2018-09-15 21:00:00,33.6,-80.0
2018242N13343,FLORENCE,2018-09-16 00:00:00,33.6,-80.2
2018242N13343,FLORENCE,2018-09-16 03:00:00,33.6,-80.5
2018242N13343,FLORENCE,2018-09-16 06:00:00,33.6,-80.8
2018242N13343,FLORENCE,2018-09-16 09:00:00,33.6,-81.2
2018242N13343,FLORENCE,2018-09-16 12:00:00,33.6,-81.5
2018242N13343,FLORENCE,2018-09-16 15:00:00,33.8,-81.8
2018242N13343,FLORENCE,2018-09-16 18:00:00,34.1,-82.1
2018242N13343,FLORENCE,2018-09-16 21:00:00,34.5,-82.2
2018242N13343,FLORENCE,2018-09-17 00:00:00,35.0,-82.2
2018242N13343,FLORENCE,2018-09-17 03:00:00,35.7,-82.4
2018242N13343,FLORENCE,2018-09-17 06:00:00,36.4,-82.6
2018242N13343,FLORENCE,2018-09-17 09:00:00,37.1,-82.4
2018242N13343,FLORENCE,2018-09-17 12:00:00,37.8,-82.2
2018242N13343,FLORENCE,2018-09-17 15:00:00,38.4,-82.2
2018242N13343,FLORENCE,2018-09-17 18:00:00,38.8,-82.0
2018242N13343,FLORENCE,2018-09-17 21:00:00,39.1,-81.5
2018242N13343,FLORENCE,2018-09-18 00:00:00,39.5,-80.5
2018242N13343,FLORENCE,2018-09-18 03:00:00,40.4,-78.8
2018242N13343,FLORENCE,2018-09-18 06:00:00,41.3,-76.8
2018242N13343,FLORENCE,2018-09-18 09:00:00,41.9,-75.0
2018242N13343,FLORENCE,2018-09-18 12:00:00,42.2,-73.3
2018251N13325,ISAAC,2018-09-07 12:00:00,13.5,-35.0
2018251N13325,ISAAC,2018-09-07 15:00:00,13.6,-34.9
2018251N13325,ISAAC,2018-09-07 18:00:00,13.7,-34.9
2018251N13325,ISAAC,2018-09-07 21:00:00,13.8,-34.9
2018251N13325,ISAAC,2018-09-08 00:00:00,13.9,-34.9
2018251N13325,ISAAC,2018-09-08 03:00:00,14.0,-35.0
2018251N13325,ISAAC,2018-09-08 06:00:00,14.2,-35.2
2018251N13325,ISAAC,2018-09-08 09:00:00,14.3,-35.5
2018251N13325,ISAAC,2018-09-08 12:00:00,14.4,-35.8
2018251N13325,ISAAC,2018-09-08 15:00:00,14.5,-36.0
2018251N13325,ISAAC,2018-09-08 18:00:00,14.5,-36.3
2018251N13325,ISAAC,2018-09-08 21:00:00,14.5,-36.6
2018251N13325,ISAAC,2018-09-09 00:00:00,14.4,-37.0
2018251N13325,ISAAC,2018-09-09 03:00:00,14.3,-37.3
2018251N13325,ISAAC,2018-09-09 06:00:00,14.3,-37.7
2018251N13325,ISAAC,2018-09-09 09:00:00,14.3,-38.2
2018251N13325,ISAAC,2018-09-09 12:00:00,14.3,-38.7
2018251N13325,ISAAC,2018-09-09 15:00:00,14.3,-39.2
2018251N13325,ISAAC,2018-09-09 18:00:00,14.4,-39.8
2018251N13325,ISAAC,2018-09-09 21:00:00,14.5,-40.4
2018251N13325,ISAAC,2018-09-10 00:00:00,14.5,-41.0
2018251N13325,ISAAC,2018-09-10 03:00:00,14.5,-41.6
2018251N13325,ISAAC,2018-09-10 06:00:00,14.5,-42.2
2018251N13325,ISAAC,2018-09-10 09:00:00,14.4,-42.8
2018251N13325,ISAAC,2018-09-10 12:00:00,14.4,-43.5
2018251N13325,ISAAC,2018-09-10 15:00:00,14.4,-44.1
2018251N13325,ISAAC,2018-09-10 18:00:00,14.4,-44.8
2018251N13325,ISAAC,2018-09-10 21:00:00,14.4,-45.5
2018251N13325,ISAAC,2018-09-11 00:00:00,14.5,-46.2
2018251N13325,ISAAC,2018-09-11 03:00:00,14.6,-46.9
2018251N13325,ISAAC,2018-09-11 06:00:00,14.6,-47.6
2018251N13325,ISAAC,2018-09-11 09:00:00,14.6,-48.4
2018251N13325,ISAAC,2018-09-11 12:00:00,14.6,-49.1
2018251N13325,ISAAC,2018-09-11 15:00:00,14.6,-49.8
2018251N13325,ISAAC,2018-09-11 18:00:00,14.6,-50.5
2018251N13325,ISAAC,2018-09-11 21:00:00,14.5,-51.1
2018251N13325,ISAAC,2018-09-12 00:00:00,14.5,-51.7
2018251N13325,ISAAC,2018-09-12 03:00:00,14.5,-52.3
2018251N13325,ISAAC,2018-09-12 06:00:00,14.6,-52.9
2018251N13325,ISAAC,2018-09-12 09:00:00,14.7,-53.5
2018251N13325,ISAAC,2018-09-12 12:00:00,14.9,-54.2
2018251N13325,ISAAC,2018-09-12 15:00:00,15.1,-54.9
2018251N13325,ISAAC,2018-09-12 18:00:00,15.2,-55.7
2018251N13325,ISAAC,2018-09-12 21:00:00,15.3,-56.4
2018251N13325,ISAAC,2018-09-13 00:00:00,15.3,-57.2
2018251N13325,ISAAC,2018-09-13 03:00:00,15.2,-58.0
2018251N13325,ISAAC,2018-09-13 06:00:00,15.1,-58.9
2018251N13325,ISAAC,2018-09-13 09:00:00,15.0,-59.8
2018251N13325,ISAAC,2018-09-13 12:00:00,14.9,-60.7
2018251N13325,ISAAC,2018-09-13 15:00:00,14.9,-61.5
2018251N13325,ISAAC,2018-09-13 18:00:00,14.9,-62.3
2018251N13325,ISAAC,2018-09-13 21:00:00,14.9,-63.0
2018251N13325,ISAAC,2018-09-14 00:00:00,14.9,-63.6
2018251N13325,ISAAC,2018-09-14 03:00:00,14.9,-64.2
2018251N13325,ISAAC,2018-09-14 06:00:00,15.0,-64.8
2018251N13325,ISAAC,2018-09-14 09:00:00,15.1,-65.5
2018251N13325,ISAAC,2018-09-14 12:00:00,15.2,-66.2
2018251N13325,ISAAC,2018-09-14 15:00:00,15.3,-66.9
2018251N13325,ISAAC,2018-09-14 18:00:00,15.3,-67.6
2018251N13325,ISAAC,2018-09-14 21:00:00,15.3,-68.3
2018251N13325,ISAAC,2018-09-15 00:00:00,15.4,-69.0
2018251N13343,HELENE,2018-09-07 12:00:00,13.4,-16.8
2018251N13343,HELENE,2018-09-07 15:00:00,13.5,-17.1
2018251N13343,HELENE,2018-09-07 18:00:00,13.5,-17.4
2018251N13343,HELENE,2018-09-07 21:00:00,13.5,-17.7
2018251N13343,HELENE,2018-09-08 00:00:00,13.6,-18.0
2018251N13343,HELENE,2018-09-08 03:00:00,13.7,-18.4
2018251N13343,HELENE,2018-09-08 06:00:00,13.7,-18.9
2018251N13343,HELENE,2018-09-08 09:00:00,13.6,-19.4
2018251N13343,HELENE,2018-09-08 12:00:00,13.5,-19.9
2018251N13343,HELENE,2018-09-08 15:00:00,13.4,-20.4
2018251N13343,HELENE,2018-09-08 18:00:00,13.3,-21.0
2018251N13343,HELENE,2018-09-08 21:00:00,13.2,-21.6
2018251N13343,HELENE,2018-09-09 00:00:00,13.2,-22.2
2018251N13343,HELENE,2018-09-09 03:00:00,13.1,-22.8
2018251N13343,HELENE,2018-09-09 06:00:00,13.1,-23.4
2018251N13343,HELENE,2018-09-09 09:00:00,13.1,-24.0
2018251N13343,HELENE,2018-09-09 12:00:00,13.2,-24.5
2018251N13343,HELENE,2018-09-09 15:00:00,13.3,-25.1
2018251N13343,HELENE,2018-09-09 18:00:00,13.4,-25.6
2018251N13343,HELENE,2018-09-09 21:00:00,13.5,-26.1
2018251N13343,HELENE,2018-09-10 00:00:00,13.7,-26.7
2018251N13343,HELENE,2018-09-10 03:00:00,13.8,-27.3
2018251N13343,HELENE,2018-09-10 06:00:00,14.0,-28.0
2018251N13343,HELENE,2018-09-10 09:00:00,14.2,-28.7
2018251N13343,HELENE,2018-09-10 12:00:00,14.4,-29.4
2018251N13343,HELENE,2018-09-10 15:00:00,14.6,-30.1
2018251N13343,HELENE,2018-09-10 18:00:00,14.8,-30.8
2018251N13343,HELENE,2018-09-10 21:00:00,15.0,-31.5
2018251N13343,HELENE,2018-09-11 00:00:00,15.3,-32.1
2018251N13343,HELENE,2018-09-11 03:00:00,15.5,-32.7
2018251N13343,HELENE,2018-09-11 06:00:00,15.7,-33.2
2018251N13343,HELENE,2018-09-11 09:00:00,15.9,-33.6
2018251N13343,HELENE,2018-09-11 12:00:00,16.2,-34.0
2018251N13343,HELENE,2018-09-11 15:00:00,16.5,-34.3
2018251N13343,HELENE,2018-09-11 18:00:00,16.8,-34.6
2018251N13343,HELENE,2018-09-11 21:00:00,17.2,-35.0
2018251N13343,HELENE,2018-09-12 00:00:00,17.6,-35.3
2018251N13343,HELENE,2018-09-12 03:00:00,18.1,-35.6
2018251N13343,HELENE,2018-09-12 06:00:00,18.7,-35.8
2018251N13343,HELENE,2018-09-12 09:00:00,19.3,-36.1
2018251N13343,HELENE,2018-09-12 12:00:00,19.8,-36.3
2018251N13343,HELENE,2018-09-12 15:00:00,20.3,-36.5
2018251N13343,HELENE,2018-09-12 18:00:00,20.8,-36.7
2018251N13343,HELENE,2018-09-12 21:00:00,21.4,-36.9
2018251N13343,HELENE,2018-09-13 00:00:00,21.9,-37.1
2018251N13343,HELENE,2018-09-13 03:00:00,22.4,-37.2
2018251N13343,HELENE,2018-09-13 06:00:00,22.9,-37.3
2018251N13343,HELENE,2018-09-13 09:00:00,23.5,-37.4
2018251N13343,HELENE,2018-09-13 12:00:00,24.1,-37.4
2018251N13343,HELENE,2018-09-13 15:00:00,24.7,-37.4
2018251N13343,HELENE,2018-09-13 18:00:00,25.4,-37.4
2018251N13343,HELENE,2018-09-13 21:00:00,26.2,-37.4
2018251N13343,HELENE,2018-09-14 00:00:00,27.2,-37.4
2018251N13343,HELENE,2018-09-14 03:00:00,28.3,-37.4
2018251N13343,HELENE,2018-09-14 06:00:00,29.4,-37.3
2018251N13343,HELENE,2018-09-14 09:00:00,30.6,-37.3
2018251N13343,HELENE,2018-09-14 12:00:00,31.8,-37.2
2018251N13343,HELENE,2018-09-14 15:00:00,32.8,-37.1
2018251N13343,HELENE,2018-09-14 18:00:00,33.7,-37.0
2018251N13343,HELENE,2018-09-14 21:00:00,34.5,-36.8
2018251N13343,HELENE,2018-09-15 00:00:00,35.2,-36.5
2018251N13343,HELENE,2018-09-15 03:00:00,36.0,-36.2
2018251N13343,HELENE,2018-09-15 06:00:00,36.9,-35.7
2018251N13343,HELENE,2018-09-15 09:00:00,37.7,-35.2
2018251N13343,HELENE,2018-09-15 12:00:00,38.4,-34.5
2018251N13343,HELENE,2018-09-15 15:00:00,39.0,-33.7
2018251N13343,HELENE,2018-09-15 18:00:00,39.6,-32.9
2018251N13343,HELENE,2018-09-15 21:00:00,40.1,-32.2
2018251N13343,HELENE,2018-09-16 00:00:00,40.6,-31.5
2018251N13343,HELENE,2018-09-16 03:00:00,41.2,-30.6
2018251N13343,HELENE,2018-09-16 06:00:00,41.8,-29.6
2018251N13343,HELENE,2018-09-16 09:00:00,42.5,-28.4
2018251N13343,HELENE,2018-09-16 12:00:00,43.1,-27.1
2018251N13343,HELENE,2018-09-16 15:00:00,43.6,-25.7
2018251N13343,HELENE,2018-09-16 18:00:00,44.1,-24.0
2018251N13343,HELENE,2018-09-16 21:00:00,44.6,-22.1
2018251N13343,HELENE,2018-09-17 00:00:00,45.2,-20.0
2018251N13343,HELENE,2018-09-17 03:00:00,45.9,-18.0
2018251N13343,HELENE,2018-09-17 06:00:00,46.7,-16.0
2018251N13343,HELENE,2018-09-17 09:00:00,47.3,-14.1
2018251N13343,HELENE,2018-09-17 12:00:00,48.0,-12.5
2018251N13343,HELENE,2018-09-17 15:00:00,48.7,-11.2
2018251N13343,HELENE,2018-09-17 18:00:00,49.5,-10.0
2018265N35315,LESLIE,2018-09-22 00:00:00,35.0,-45.0
2018265N35315,LESLIE,2018-09-22 03:00:00,34.7,-44.5
2018265N35315,LESLIE,2018-09-22 06:00:00,34.4,-44.2
2018265N35315,LESLIE,2018-09-22 09:00:00,34.0,-44.1
2018265N35315,LESLIE,2018-09-22 12:00:00,33.7,-44.2
2018265N35315,LESLIE,2018-09-22 15:00:00,33.5,-44.4
2018265N35315,LESLIE,2018-09-22 18:00:00,33.3,-44.6
2018265N35315,LESLIE,2018-09-22 21:00:00,33.2,-44.9
2018265N35315,LESLIE,2018-09-23 00:00:00,33.2,-45.2
2018265N35315,LESLIE,2018-09-23 03:00:00,33.1,-45.6
2018265N35315,LESLIE,2018-09-23 06:00:00,33.0,-45.9
2018265N35315,LESLIE,2018-09-23 09:00:00,33.1,-46.2
2018265N35315,LESLIE,2018-09-23 12:00:00,33.2,-46.5
2018265N35315,LESLIE,2018-09-23 15:00:00,33.4,-46.7
2018265N35315,LESLIE,2018-09-23 18:00:00,33.5,-47.0
2018265N35315,LESLIE,2018-09-23 21:00:00,33.6,-47.4
2018265N35315,LESLIE,2018-09-24 00:00:00,33.5,-47.8
2018265N35315,LESLIE,2018-09-24 03:00:00,33.2,-48.3
2018265N35315,LESLIE,2018-09-24 06:00:00,32.9,-48.5
2018265N35315,LESLIE,2018-09-24 09:00:00,32.8,-48.3
2018265N35315,LESLIE,2018-09-24 12:00:00,32.8,-47.9
2018265N35315,LESLIE,2018-09-24 15:00:00,32.9,-47.7
2018265N35315,LESLIE,2018-09-24 18:00:00,33.0,-47.6
2018265N35315,LESLIE,2018-09-24 21:00:00,32.9,-47.4
2018265N35315,LESLIE,2018-09-25 00:00:00,32.7,-47.2
2018265N35315,LESLIE,2018-09-25 03:00:00,32.4,-47.0
2018265N35315,LESLIE,2018-09-25 06:00:00,32.1,-46.7
2018265N35315,LESLIE,2018-09-25 09:00:00,31.8,-46.0
2018265N35315,LESLIE,2018-09-25 12:00:00,31.7,-45.2
2018265N35315,LESLIE,2018-09-25 15:00:00,32.3,-44.8
2018265N35315,LESLIE,2018-09-25 18:00:00,32.9,-44.3
2018265N35315,LESLIE,2018-09-25 21:00:00,32.9,-43.6
2018265N35315,LESLIE,2018-09-26 00:00:00,32.6,-42.6
2018265N35315,LESLIE,2018-09-26 03:00:00,32.3,-41.5
2018265N35315,LESLIE,2018-09-26 06:00:00,32.3,-40.3
2018265N35315,LESLIE,2018-09-26 09:00:00,32.9,-39.2
2018265N35315,LESLIE,2018-09-26 12:00:00,33.8,-38.5
2018265N35315,LESLIE,2018-09-26 15:00:00,35.0,-38.3
2018265N35315,LESLIE,2018-09-26 18:00:00,36.1,-38.6
2018265N35315,LESLIE,2018-09-26 21:00:00,36.9,-39.4
2018265N35315,LESLIE,2018-09-27 00:00:00,37.3,-40.4
2018265N35315,LESLIE,2018-09-27 03:00:00,37.3,-41.1
2018265N35315,LESLIE,2018-09-27 06:00:00,37.1,-41.6
2018265N35315,LESLIE,2018-09-27 09:00:00,37.0,-42.1
2018265N35315,LESLIE,2018-09-27 12:00:00,37.0,-42.5
2018265N35315,LESLIE,2018-09-27 15:00:00,37.0,-42.9
2018265N35315,LESLIE,2018-09-27 18:00:00,37.0,-43.4
2018265N35315,LESLIE,2018-09-27 21:00:00,37.0,-44.0
2018265N35315,LESLIE,2018-09-28 00:00:00,36.9,-44.5
2018265N35315,LESLIE,2018-09-28 03:00:00,36.8,-44.9
2018265N35315,LESLIE,2018-09-28 06:00:00,36.6,-45.3
2018265N35315,LESLIE,2018-09-28 09:00:00,36.5,-45.8
2018265N35315,LESLIE,2018-09-28 12:00:00,36.4,-46.4
2018265N35315,LESLIE,2018-09-28 15:00:00,36.4,-46.9
2018265N35315,LESLIE,2018-09-28 18:00:00,36.3,-47.4
2018265N35315,LESLIE,2018-09-28 21:00:00,36.1,-48.1
2018265N35315,LESLIE,2018-09-29 00:00:00,35.9,-48.9
2018265N35315,LESLIE,2018-09-29 03:00:00,35.7,-49.5
2018265N35315,LESLIE,2018-09-29 06:00:00,35.4,-50.0
2018265N35315,LESLIE,2018-09-29 09:00:00,35.0,-50.3
2018265N35315,LESLIE,2018-09-29 12:00:00,34.7,-50.6
2018265N35315,LESLIE,2018-09-29 15:00:00,34.5,-51.0
2018265N35315,LESLIE,2018-09-29 18:00:00,34.3,-51.3
2018265N35315,LESLIE,2018-09-29 21:00:00,34.1,-51.5
2018265N35315,LESLIE,2018-09-30 00:00:00,34.0,-51.7
2018265N35315,LESLIE,2018-09-30 03:00:00,33.9,-51.9
2018265N35315,LESLIE,2018-09-30 06:00:00,33.8,-52.2
2018265N35315,LESLIE,2018-09-30 09:00:00,33.7,-52.4
2018265N35315,LESLIE,2018-09-30 12:00:00,33.7,-52.6
2018265N35315,LESLIE,2018-09-30 15:00:00,33.6,-52.8
2018265N35315,LESLIE,2018-09-30 18:00:00,33.6,-53.0
2018265N35315,LESLIE,2018-09-30 21:00:00,33.6,-53.2
2018265N35315,LESLIE,2018-10-01 00:00:00,33.5,-53.4
2018265N35315,LESLIE,2018-10-01 03:00:00,33.4,-53.5
2018265N35315,LESLIE,2018-10-01 06:00:00,33.3,-53.7
2018265N35315,LESLIE,2018-10-01 09:00:00,33.2,-53.9
2018265N35315,LESLIE,2018-10-01 12:00:00,33.1,-54.1
2018265N35315,LESLIE,2018-10-01 15:00:00,33.0,-54.2
2018265N35315,LESLIE,2018-10-01 18:00:00,32.8,-54.4
2018265N35315,LESLIE,2018-10-01 21:00:00,32.6,-54.6
2018265N35315,LESLIE,2018-10-02 00:00:00,32.4,-54.9
2018265N35315,LESLIE,2018-10-02 03:00:00,32.2,-55.1
2018265N35315,LESLIE,2018-10-02 06:00:00,31.9,-55.4
2018265N35315,LESLIE,2018-10-02 09:00:00,31.6,-55.7
2018265N35315,LESLIE,2018-10-02 12:00:00,31.2,-55.9
2018265N35315,LESLIE,2018-10-02 15:00:00,30.8,-56.1
2018265N35315,LESLIE,2018-10-02 18:00:00,30.4,-56.2
2018265N35315,LESLIE,2018-10-02 21:00:00,30.1,-56.4
2018265N35315,LESLIE,2018-10-03 00:00:00,29.8,-56.6
2018265N35315,LESLIE,2018-10-03 03:00:00,29.7,-56.7
2018265N35315,LESLIE,2018-10-03 06:00:00,29.6,-56.8
2018265N35315,LESLIE,2018-10-03 09:00:00,29.5,-56.8
2018265N35315,LESLIE,2018-10-03 12:00:00,29.5,-56.8
2018265N35315,LESLIE,2018-10-03 15:00:00,29.6,-56.8
2018265N35315,LESLIE,2018-10-03 18:00:00,29.8,-56.9
2018265N35315,LESLIE,2018-10-03 21:00:00,30.0,-57.0
2018265N35315,LESLIE,2018-10-04 00:00:00,30.3,-57.0
2018265N35315,LESLIE,2018-10-04 03:00:00,30.6,-57.1
2018265N35315,LESLIE,2018-10-04 06:00:00,30.9,-57.1
2018265N35315,LESLIE,2018-10-04 09:00:00,31.3,-57.2
2018265N35315,LESLIE,2018-10-04 12:00:00,31.7,-57.2
2018265N35315,LESLIE,2018-10-04 15:00:00,32.2,-57.2
2018265N35315,LESLIE,2018-10-04 18:00:00,32.8,-57.3
2018265N35315,LESLIE,2018-10-04 21:00:00,33.5,-57.4
2018265N35315,LESLIE,2018-10-05 00:00:00,34.2,-57.6
2018265N35315,LESLIE,2018-10-05 03:00:00,34.8,-57.9
2018265N35315,LESLIE,2018-10-05 06:00:00,35.2,-58.2
2018265N35315,LESLIE,2018-10-05 09:00:00,35.6,-58.3
2018265N35315,LESLIE,2018-10-05 12:00:00,35.9,-58.3
2018265N35315,LESLIE,2018-10-05 15:00:00,36.1,-58.2
2018265N35315,LESLIE,2018-10-05 18:00:00,36.2,-58.1
2018265N35315,LESLIE,2018-10-05 21:00:00,36.3,-57.9
2018265N35315,LESLIE,2018-10-06 00:00:00,36.5,-57.6
2018265N35315,LESLIE,2018-10-06 03:00:00,36.7,-57.3
2018265N35315,LESLIE,2018-10-06 06:00:00,36.9,-57.0
2018265N35315,LESLIE,2018-10-06 09:00:00,37.2,-56.8
2018265N35315,LESLIE,2018-10-06 12:00:00,37.4,-56.4
2018265N35315,LESLIE,2018-10-06 15:00:00,37.5,-55.8
2018265N35315,LESLIE,2018-10-06 18:00:00,37.5,-55.1
2018265N35315,LESLIE,2018-10-06 21:00:00,37.5,-54.4
2018265N35315,LESLIE,2018-10-07 00:00:00,37.4,-53.7
2018265N35315,LESLIE,2018-10-07 03:00:00,37.3,-53.1
2018265N35315,LESLIE,2018-10-07 06:00:00,37.1,-52.5
2018265N35315,LESLIE,2018-10-07 09:00:00,36.8,-52.0
2018265N35315,LESLIE,2018-10-07 12:00:00,36.5,-51.6
2018265N35315,LESLIE,2018-10-07 15:00:00,36.3,-51.1
2018265N35315,LESLIE,2018-10-07 18:00:00,36.1,-50.5
2018265N35315,LESLIE,2018-10-07 21:00:00,35.9,-49.9
2018265N35315,LESLIE,2018-10-08 00:00:00,35.8,-49.4
2018265N35315,LESLIE,2018-10-08 03:00:00,35.7,-49.0
2018265N35315,LESLIE,2018-10-08 06:00:00,35.5,-48.5
2018265N35315,LESLIE,2018-10-08 09:00:00,35.2,-48.0
2018265N35315,LESLIE,2018-10-08 12:00:00,34.9,-47.4
2018265N35315,LESLIE,2018-10-08 15:00:00,34.6,-46.8
2018265N35315,LESLIE,2018-10-08 18:00:00,34.3,-46.2
2018265N35315,LESLIE,2018-10-08 21:00:00,33.9,-45.6
2018265N35315,LESLIE,2018-10-09 00:00:00,33.5,-45.1
2018265N35315,LESLIE,2018-10-09 03:00:00,33.1,-44.6
2018265N35315,LESLIE,2018-10-09 06:00:00,32.7,-44.2
2018265N35315,LESLIE,2018-10-09 09:00:00,32.2,-43.9
2018265N35315,LESLIE,2018-10-09 12:00:00,31.6,-43.6
2018265N35315,LESLIE,2018-10-09 15:00:00,31.1,-43.3
2018265N35315,LESLIE,2018-10-09 18:00:00,30.7,-43.1
2018265N35315,LESLIE,2018-10-09 21:00:00,30.3,-42.9
2018265N35315,LESLIE,2018-10-10 00:00:00,29.8,-42.7
2018265N35315,LESLIE,2018-10-10 03:00:00,29.3,-42.7
2018265N35315,LESLIE,2018-10-10 06:00:00,28.8,-42.7
2018265N35315,LESLIE,2018-10-10 09:00:00,28.4,-42.6
2018265N35315,LESLIE,2018-10-10 12:00:00,28.1,-42.5
2018265N35315,LESLIE,2018-10-10 15:00:00,27.8,-42.4
2018265N35315,LESLIE,2018-10-10 18:00:00,27.7,-42.2
2018265N35315,LESLIE,2018-10-10 21:00:00,27.6,-41.9
2018265N35315,LESLIE,2018-10-11 00:00:00,27.7,-41.6
2018265N35315,LESLIE,2018-10-11 03:00:00,27.8,-41.2
2018265N35315,LESLIE,2018-10-11 06:00:00,28.1,-40.7
2018265N35315,LESLIE,2018-10-11 09:00:00,28.4,-40.1
2018265N35315,LESLIE,2018-10-11 12:00:00,28.8,-39.3
2018265N35315,LESLIE,2018-10-11 15:00:00,29.1,-38.5
2018265N35315,LESLIE,2018-10-11 18:00:00,29.5,-37.5
2018265N35315,LESLIE,2018-10-11 21:00:00,29.9,-36.4
2018265N35315,LESLIE,2018-10-12 00:00:00,30.4,-35.2
2018265N35315,LESLIE,2018-10-12 03:00:00,30.9,-33.9
2018265N35315,LESLIE,2018-10-12 06:00:00,31.4,-32.5
2018265N35315,LESLIE,2018-10-12 09:00:00,32.0,-31.1
2018265N35315,LESLIE,2018-10-12 12:00:00,32.6,-29.6
2018265N35315,LESLIE,2018-10-12 15:00:00,33.0,-28.0
2018265N35315,LESLIE,2018-10-12 18:00:00,33.4,-26.3
2018265N35315,LESLIE,2018-10-12 21:00:00,33.8,-24.4
2018265N35315,LESLIE,2018-10-13 00:00:00,34.2,-22.4
2018265N35315,LESLIE,2018-10-13 03:00:00,34.8,-20.4
2018265N35315,LESLIE,2018-10-13 06:00:00,35.5,-18.3
2018265N35315,LESLIE,2018-10-13 09:00:00,36.3,-16.2
2018265N35315,LESLIE,2018-10-13 12:00:00,37.2,-14.1
2018265N35315,LESLIE,2018-10-13 15:00:00,38.2,-12.2
2018265N35315,LESLIE,2018-10-13 18:00:00,39.3,-10.5
2018265N35315,LESLIE,2018-10-13 21:00:00,40.2,-9.0
2018265N35315,LESLIE,2018-10-14 00:00:00,41.1,-7.6
2018280N18273,MICHAEL,2018-10-06 18:00:00,17.8,-86.6
2018280N18273,MICHAEL,2018-10-06 21:00:00,18.0,-86.8
2018280N18273,MICHAEL,2018-10-07 00:00:00,18.1,-86.9
2018280N18273,MICHAEL,2018-10-07 03:00:00,18.2,-86.9
2018280N18273,MICHAEL,2018-10-07 06:00:00,18.4,-86.8
2018280N18273,MICHAEL,2018-10-07 09:00:00,18.6,-86.6
2018280N18273,MICHAEL,2018-10-07 12:00:00,18.8,-86.4
2018280N18273,MICHAEL,2018-10-07 15:00:00,18.9,-86.0
2018280N18273,MICHAEL,2018-10-07 18:00:00,19.1,-85.7
2018280N18273,MICHAEL,2018-10-07 21:00:00,19.4,-85.6
2018280N18273,MICHAEL,2018-10-08 00:00:00,19.7,-85.5
2018280N18273,MICHAEL,2018-10-08 03:00:00,19.9,-85.5
2018280N18273,MICHAEL,2018-10-08 06:00:00,20.2,-85.4
2018280N18273,MICHAEL,2018-10-08 09:00:00,20.5,-85.2
2018280N18273,MICHAEL,2018-10-08 12:00:00,20.9,-85.1
2018280N18273,MICHAEL,2018-10-08 15:00:00,21.3,-85.1
2018280N18273,MICHAEL,2018-10-08 18:00:00,21.7,-85.1
2018280N18273,MICHAEL,2018-10-08 21:00:00,22.2,-85.1
2018280N18273,MICHAEL,2018-10-09 00:00:00,22.7,-85.2
2018280N18273,MICHAEL,2018-10-09 03:00:00,23.2,-85.5
2018280N18273,MICHAEL,2018-10-09 06:00:00,23.7,-85.8
2018280N18273,MICHAEL,2018-10-09 09:00:00,24.1,-86.0
2018280N18273,MICHAEL,2018-10-09 12:00:00,24.6,-86.2
2018280N18273,MICHAEL,2018-10-09 15:00:00,25.1,-86.3
2018280N18273,MICHAEL,2018-10-09 18:00:00,25.6,-86.4
2018280N18273,MICHAEL,2018-10-09 21:00:00,26.1,-86.5
2018280N18273,MICHAEL,2018-10-10 00:00:00,26.6,-86.5
2018280N18273,MICHAEL,2018-10-10 03:00:00,27.1,-86.6
2018280N18273,MICHAEL,2018-10-10 06:00:00,27.7,-86.6
2018280N18273,MICHAEL,2018-10-10 09:00:00,28.4,-86.5
2018280N18273,MICHAEL,2018-10-10 12:00:00,29.0,-86.3
2018280N18273,MICHAEL,2018-10-10 15:00:00,29.4,-85.9
2018280N18273,MICHAEL,2018-10-10 17:30:00,30.0,-85.5
2018280N18273,MICHAEL,2018-10-10 18:00:00,30.2,-85.4
2018280N18273,MICHAEL,2018-10-10 21:00:00,31.0,-84.9
2018280N18273,MICHAEL,2018-10-11 00:00:00,31.5,-84.5
2018280N18273,MICHAEL,2018-10-11 03:00:00,32.1,-83.9
2018280N18273,MICHAEL,2018-10-11 06:00:00,32.8,-83.2
2018280N18273,MICHAEL,2018-10-11 09:00:00,33.4,-82.5
2018280N18273,MICHAEL,2018-10-11 12:00:00,34.1,-81.7
2018280N18273,MICHAEL,2018-10-11 15:00:00,34.9,-80.9
2018280N18273,MICHAEL,2018-10-11 18:00:00,35.6,-80.0
2018280N18273,MICHAEL,2018-10-11 21:00:00,36.1,-78.9
2018280N18273,MICHAEL,2018-10-12 00:00:00,36.5,-77.7
2018280N18273,MICHAEL,2018-10-12 03:00:00,36.8,-76.5
2018280N18273,MICHAEL,2018-10-12 06:00:00,37.3,-75.0
2018280N18273,MICHAEL,2018-10-12 09:00:00,38.1,-72.9
2018280N18273,MICHAEL,2018-10-12 12:00:00,39.1,-70.6
2018280N18273,MICHAEL,2018-10-12 15:00:00,40.1,-68.4
2018280N18273,MICHAEL,2018-10-12 18:00:00,41.1,-66.1
2018280N18273,MICHAEL,2018-10-12 21:00:00,42.1,-63.9
2018280N18273,MICHAEL,2018-10-13 00:00:00,43.1,-61.5
2018280N18273,MICHAEL,2018-10-13 03:00:00,44.0,-58.8
2018280N18273,MICHAEL,2018-10-13 06:00:00,44.8,-55.7
2018280N18273,MICHAEL,2018-10-13 09:00:00,45.6,-52.1
2018280N18273,MICHAEL,2018-10-13 12:00:00,46.4,-48.2
2018280N18273,MICHAEL,2018-10-13 15:00:00,47.0,-44.4
2018280N18273,MICHAEL,2018-10-13 18:00:00,47.6,-40.7
2018280N18273,MICHAEL,2018-10-13 21:00:00,48.1,-36.9
2018280N18273,MICHAEL,2018-10-14 00:00:00,48.4,-33.1
2018280N18273,MICHAEL,2018-10-14 03:00:00,48.7,-29.4
2018280N18273,MICHAEL,2018-10-14 06:00:00,48.8,-26.1
2018280N18273,MICHAEL,2018-10-14 09:00:00,48.8,-23.2
2018280N18273,MICHAEL,2018-10-14 12:00:00,48.6,-20.7
2018280N18273,MICHAEL,2018-10-14 15:00:00,48.2,-18.4
2018280N18273,MICHAEL,2018-10-14 18:00:00,47.5,-16.4
2018280N18273,MICHAEL,2018-10-14 21:00:00,46.7,-14.8
2018280N18273,MICHAEL,2018-10-15 00:00:00,45.9,-13.5
2018280N18273,MICHAEL,2018-10-15 03:00:00,45.1,-12.3
2018280N18273,MICHAEL,2018-10-15 06:00:00,44.4,-11.4
2018280N18273,MICHAEL,2018-10-15 09:00:00,43.6,-10.7
2018280N18273,MICHAEL,2018-10-15 12:00:00,42.8,-10.3
2018280N18273,MICHAEL,2018-10-15 15:00:00,42.0,-10.1
2018280N18273,MICHAEL,2018-10-15 18:00:00,41.2,-10.0
2018300N25315,OSCAR,2018-10-26 18:00:00,25.4,-45.3
2018300N25315,OSCAR,2018-10-26 21:00:00,25.9,-45.2
2018300N25315,OSCAR,2018-10-27 00:00:00,26.4,-45.3
2018300N25315,OSCAR,2018-10-27 03:00:00,26.8,-45.8
2018300N25315,OSCAR,2018-10-27 06:00:00,27.1,-46.5
2018300N25315,OSCAR,2018-10-27 09:00:00,27.3,-47.2
2018300N25315,OSCAR,2018-10-27 12:00:00,27.4,-48.0
2018300N25315,OSCAR,2018-10-27 15:00:00,27.4,-49.0
2018300N25315,OSCAR,2018-10-27 18:00:00,27.1,-49.9
2018300N25315,OSCAR,2018-10-27 21:00:00,26.5,-50.6
2018300N25315,OSCAR,2018-10-28 00:00:00,25.9,-51.1
2018300N25315,OSCAR,2018-10-28 03:00:00,25.6,-51.6
2018300N25315,OSCAR,2018-10-28 06:00:00,25.4,-52.0
2018300N25315,OSCAR,2018-10-28 09:00:00,25.3,-52.5
2018300N25315,OSCAR,2018-10-28 12:00:00,25.4,-53.1
2018300N25315,OSCAR,2018-10-28 15:00:00,25.6,-53.9
2018300N25315,OSCAR,2018-10-28 18:00:00,25.7,-54.8
2018300N25315,OSCAR,2018-10-28 21:00:00,25.6,-55.6
2018300N25315,OSCAR,2018-10-29 00:00:00,25.5,-56.4
2018300N25315,OSCAR,2018-10-29 03:00:00,25.5,-57.0
2018300N25315,OSCAR,2018-10-29 06:00:00,25.5,-57.5
2018300N25315,OSCAR,2018-10-29 09:00:00,25.6,-57.9
2018300N25315,OSCAR,2018-10-29 12:00:00,25.7,-58.1
2018300N25315,OSCAR,2018-10-29 15:00:00,25.9,-58.3
2018300N25315,OSCAR,2018-10-29 18:00:00,26.2,-58.5
2018300N25315,OSCAR,2018-10-29 21:00:00,26.6,-58.5
2018300N25315,OSCAR,2018-10-30 00:00:00,27.0,-58.5
2018300N25315,OSCAR,2018-10-30 03:00:00,27.5,-58.5
2018300N25315,OSCAR,2018-10-30 06:00:00,28.0,-58.4
2018300N25315,OSCAR,2018-10-30 09:00:00,28.5,-58.2
2018300N25315,OSCAR,2018-10-30 12:00:00,29.0,-58.0
2018300N25315,OSCAR,2018-10-30 15:00:00,29.6,-57.7
2018300N25315,OSCAR,2018-10-30 18:00:00,30.3,-57.3
2018300N25315,OSCAR,2018-10-30 21:00:00,31.0,-56.7
2018300N25315,OSCAR,2018-10-31 00:00:00,31.7,-56.0
2018300N25315,OSCAR,2018-10-31 03:00:00,32.3,-55.4
2018300N25315,OSCAR,2018-10-31 06:00:00,33.0,-54.6
2018300N25315,OSCAR,2018-10-31 09:00:00,34.1,-53.5
2018300N25315,OSCAR,2018-10-31 12:00:00,35.4,-52.4
2018300N25315,OSCAR,2018-10-31 15:00:00,36.7,-51.4
2018300N25315,OSCAR,2018-10-31 18:00:00,38.0,-50.5
2018300N25315,OSCAR,2018-10-31 21:00:00,39.3,-49.6
2018300N25315,OSCAR,2018-11-01 00:00:00,40.7,-48.7
2018300N25315,OSCAR,2018-11-01 03:00:00,42.1,-47.8
2018300N25315,OSCAR,2018-11-01 06:00:00,43.4,-46.9
2018300N25315,OSCAR,2018-11-01 09:00:00,44.7,-45.9
2018300N25315,OSCAR,2018-11-01 12:00:00,46.0,-44.7
2018300N25315,OSCAR,2018-11-01 15:00:00,47.1,-43.3
2018300N25315,OSCAR,2018-11-01 18:00:00,48.2,-41.8
2018300N25315,OSCAR,2018-11-01 21:00:00,49.3,-40.2
2018300N25315,OSCAR,2018-11-02 00:00:00,50.3,-38.6
2018300N25315,OSCAR,2018-11-02 03:00:00,51.4,-37.0
2018300N25315,OSCAR,2018-11-02 06:00:00,52.3,-35.5
2018300N25315,OSCAR,2018-11-02 09:00:00,52.9,-34.3
2018300N25315,OSCAR,2018-11-02 12:00:00,53.4,-33.1
2018300N25315,OSCAR,2018-11-02 15:00:00,53.8,-31.8
2018300N25315,OSCAR,2018-11-02 18:00:00,54.2,-30.4
2018300N25315,OSCAR,2018-11-02 21:00:00,54.7,-28.7
2018300N25315,OSCAR,2018-11-03 00:00:00,55.3,-26.8
2018300N25315,OSCAR,2018-11-03 03:00:00,55.9,-24.9
2018300N25315,OSCAR,2018-11-03 06:00:00,56.6,-23.1
2018300N25315,OSCAR,2018-11-03 09:00:00,57.3,-21.3
2018300N25315,OSCAR,2018-11-03 12:00:00,57.9,-19.6
2018300N25315,OSCAR,2018-11-03 15:00:00,58.4,-18.3
2018300N25315,OSCAR,2018-11-03 18:00:00,58.9,-17.1
2018300N25315,OSCAR,2018-11-03 21:00:00,59.3,-15.8
2018300N25315,OSCAR,2018-11-04 00:00:00,59.8,-14.5
2018300N25315,OSCAR,2018-11-04 03:00:00,60.2,-13.3
2018300N25315,OSCAR,2018-11-04 06:00:00,60.8,-12.1
2018300N25315,OSCAR,2018-11-04 09:00:00,61.5,-10.7
2018300N25315,OSCAR,2018-11-04 12:00:00,62.4,-9.1
2019192N29274,BARRY,2019-07-10 12:00:00,28.5,-86.5
2019192N29274,BARRY,2019-07-10 15:00:00,28.3,-86.8
2019192N29274,BARRY,2019-07-10 18:00:00,28.1,-87.1
2019192N29274,BARRY,2019-07-10 21:00:00,27.9,-87.4
2019192N29274,BARRY,2019-07-11 00:00:00,27.8,-87.6
2019192N29274,BARRY,2019-07-11 03:00:00,27.7,-87.8
2019192N29274,BARRY,2019-07-11 06:00:00,27.7,-88.0
2019192N29274,BARRY,2019-07-11 09:00:00,27.7,-88.2
2019192N29274,BARRY,2019-07-11 12:00:00,27.7,-88.4
2019192N29274,BARRY,2019-07-11 15:00:00,27.7,-88.6
2019192N29274,BARRY,2019-07-11 18:00:00,27.7,-88.8
2019192N29274,BARRY,2019-07-11 21:00:00,27.7,-89.0
2019192N29274,BARRY,2019-07-12 00:00:00,27.8,-89.2
2019192N29274,BARRY,2019-07-12 03:00:00,27.8,-89.4
2019192N29274,BARRY,2019-07-12 06:00:00,27.9,-89.7
2019192N29274,BARRY,2019-07-12 09:00:00,28.0,-90.0
2019192N29274,BARRY,2019-07-12 12:00:00,28.1,-90.2
2019192N29274,BARRY,2019-07-12 15:00:00,28.2,-90.5
2019192N29274,BARRY,2019-07-12 18:00:00,28.4,-90.7
2019192N29274,BARRY,2019-07-12 21:00:00,28.5,-90.9
2019192N29274,BARRY,2019-07-13 00:00:00,28.6,-91.1
2019192N29274,BARRY,2019-07-13 03:00:00,28.7,-91.3
2019192N29274,BARRY,2019-07-13 06:00:00,28.9,-91.5
2019192N29274,BARRY,2019-07-13 09:00:00,29.1,-91.7
2019192N29274,BARRY,2019-07-13 12:00:00,29.3,-91.9
2019192N29274,BARRY,2019-07-13 15:00:00,29.6,-92.2
2019192N29274,BARRY,2019-07-13 18:00:00,29.9,-92.4
2019192N29274,BARRY,2019-07-13 21:00:00,30.2,-92.6
2019192N29274,BARRY,2019-07-14 00:00:00,30.4,-92.8
2019192N29274,BARRY,2019-07-14 03:00:00,30.7,-93.0
2019192N29274,BARRY,2019-07-14 06:00:00,31.0,-93.2
2019192N29274,BARRY,2019-07-14 09:00:00,31.3,-93.4
2019192N29274,BARRY,2019-07-14 12:00:00,31.6,-93.5
2019192N29274,BARRY,2019-07-14 15:00:00,31.9,-93.6
2019192N29274,BARRY,2019-07-14 18:00:00,32.3,-93.6
2019192N29274,BARRY,2019-07-14 21:00:00,32.6,-93.6
2019192N29274,BARRY,2019-07-15 00:00:00,33.0,-93.6
2019192N29274,BARRY,2019-07-15 03:00:00,33.4,-93.6
2019192N29274,BARRY,2019-07-15 06:00:00,33.9,-93.6
2019192N29274,BARRY,2019-07-15 09:00:00,34.3,-93.6
2019192N29274,BARRY,2019-07-15 12:00:00,34.7,-93.6
2019192N29274,BARRY,2019-07-15 15:00:00,35.1,-93.6
2019192N29274,BARRY,2019-07-15 18:00:00,35.5,-93.5
2019192N29274,BARRY,2019-07-15 21:00:00,35.9,-93.4
2019192N29274,BARRY,2019-07-16 00:00:00,36.3,-93.3
2019192N29274,BARRY,2019-07-16 03:00:00,36.7,-93.1
2019192N29274,BARRY,2019-07-16 06:00:00,37.2,-92.9
2019236N10314,DORIAN,2019-08-24 06:00:00,10.3,-46.4
2019236N10314,DORIAN,2019-08-24 09:00:00,10.3,-46.9
2019236N10314,DORIAN,2019-08-24 12:00:00,10.4,-47.5
2019236N10314,DORIAN,2019-08-24 15:00:00,10.5,-48.1
2019236N10314,DORIAN,2019-08-24 18:00:00,10.6,-48.7
2019236N10314,DORIAN,2019-08-24 21:00:00,10.7,-49.3
2019236N10314,DORIAN,2019-08-25 00:00:00,10.8,-49.9
2019236N10314,DORIAN,2019-08-25 03:00:00,10.9,-50.4
2019236N10314,DORIAN,2019-08-25 06:00:00,11.0,-51.0
2019236N10314,DORIAN,2019-08-25 09:00:00,11.1,-51.6
2019236N10314,DORIAN,2019-08-25 12:00:00,11.2,-52.3
2019236N10314,DORIAN,2019-08-25 15:00:00,11.3,-52.9
2019236N10314,DORIAN,2019-08-25 18:00:00,11.4,-53.5
2019236N10314,DORIAN,2019-08-25 21:00:00,11.5,-54.1
2019236N10314,DORIAN,2019-08-26 00:00:00,11.6,-54.7
2019236N10314,DORIAN,2019-08-26 03:00:00,11.7,-55.4
2019236N10314,DORIAN,2019-08-26 06:00:00,11.9,-56.0
2019236N10314,DORIAN,2019-08-26 09:00:00,12.0,-56.6
2019236N10314,DORIAN,2019-08-26 12:00:00,12.2,-57.2
2019236N10314,DORIAN,2019-08-26 15:00:00,12.4,-57.8
2019236N10314,DORIAN,2019-08-26 18:00:00,12.6,-58.3
2019236N10314,DORIAN,2019-08-26 21:00:00,12.8,-58.8
2019236N10314,DORIAN,2019-08-27 00:00:00,13.0,-59.2
2019236N10314,DORIAN,2019-08-27 01:30:00,13.1,-59.4
2019236N10314,DORIAN,2019-08-27 03:00:00,13.2,-59.6
2019236N10314,DORIAN,2019-08-27 06:00:00,13.5,-60.2
2019236N10314,DORIAN,2019-08-27 09:00:00,13.7,-60.5
2019236N10314,DORIAN,2019-08-27 11:00:00,14.0,-60.9
2019236N10314,DORIAN,2019-08-27 12:00:00,14.2,-61.2
2019236N10314,DORIAN,2019-08-27 15:00:00,14.7,-61.7
2019236N10314,DORIAN,2019-08-27 18:00:00,15.0,-62.0
2019236N10314,DORIAN,2019-08-27 21:00:00,15.4,-62.4
2019236N10314,DORIAN,2019-08-28 00:00:00,15.7,-62.8
2019236N10314,DORIAN,2019-08-28 03:00:00,16.0,-63.2
2019236N10314,DORIAN,2019-08-28 06:00:00,16.4,-63.5
2019236N10314,DORIAN,2019-08-28 09:00:00,16.8,-63.9
2019236N10314,DORIAN,2019-08-28 12:00:00,17.3,-64.2
2019236N10314,DORIAN,2019-08-28 15:00:00,17.7,-64.5
2019236N10314,DORIAN,2019-08-28 15:30:00,17.8,-64.6
2019236N10314,DORIAN,2019-08-28 18:00:00,18.4,-65.1
2019236N10314,DORIAN,2019-08-28 21:00:00,18.9,-65.5
2019236N10314,DORIAN,2019-08-29 00:00:00,19.2,-65.7
2019236N10314,DORIAN,2019-08-29 03:00:00,19.6,-66.0
2019236N10314,DORIAN,2019-08-29 06:00:00,20.0,-66.3
2019236N10314,DORIAN,2019-08-29 09:00:00,20.5,-66.6
2019236N10314,DORIAN,2019-08-29 12:00:00,21.0,-66.9
2019236N10314,DORIAN,2019-08-29 15:00:00,21.5,-67.2
2019236N10314,DORIAN,2019-08-29 18:00:00,22.0,-67.4
2019236N10314,DORIAN,2019-08-29 21:00:00,22.4,-67.7
2019236N10314,DORIAN,2019-08-30 00:00:00,22.8,-68.0
2019236N10314,DORIAN,2019-08-30 03:00:00,23.2,-68.4
2019236N10314,DORIAN,2019-08-30 06:00:00,23.5,-68.8
2019236N10314,DORIAN,2019-08-30 09:00:00,23.9,-69.2
2019236N10314,DORIAN,2019-08-30 12:00:00,24.3,-69.5
2019236N10314,DORIAN,2019-08-30 15:00:00,24.6,-69.9
2019236N10314,DORIAN,2019-08-30 18:00:00,24.8,-70.3
2019236N10314,DORIAN,2019-08-30 21:00:00,25.1,-70.7
2019236N10314,DORIAN,2019-08-31 00:00:00,25.3,-71.1
2019236N10314,DORIAN,2019-08-31 03:00:00,25.5,-71.6
2019236N10314,DORIAN,2019-08-31 06:00:00,25.6,-72.1
2019236N10314,DORIAN,2019-08-31 09:00:00,25.8,-72.6
2019236N10314,DORIAN,2019-08-31 12:00:00,25.9,-73.0
2019236N10314,DORIAN,2019-08-31 15:00:00,26.0,-73.5
2019236N10314,DORIAN,2019-08-31 18:00:00,26.1,-74.0
2019236N10314,DORIAN,2019-08-31 21:00:00,26.2,-74.4
2019236N10314,DORIAN,2019-09-01 00:00:00,26.3,-74.7
2019236N10314,DORIAN,2019-09-01 03:00:00,26.4,-75.1
2019236N10314,DORIAN,2019-09-01 06:00:00,26.4,-75.6
2019236N10314,DORIAN,2019-09-01 09:00:00,26.5,-76.1
2019236N10314,DORIAN,2019-09-01 12:00:00,26.5,-76.5
2019236N10314,DORIAN,2019-09-01 15:00:00,26.5,-76.8
2019236N10314,DORIAN,2019-09-01 16:40:00,26.5,-77.0
2019236N10314,DORIAN,2019-09-01 18:00:00,26.5,-77.1
2019236N10314,DORIAN,2019-09-01 21:00:00,26.5,-77.4
2019236N10314,DORIAN,2019-09-02 00:00:00,26.6,-77.7
2019236N10314,DORIAN,2019-09-02 02:15:00,26.6,-77.8
2019236N10314,DORIAN,2019-09-02 03:00:00,26.6,-77.8
2019236N10314,DORIAN,2019-09-02 06:00:00,26.6,-78.0
2019236N10314,DORIAN,2019-09-02 09:00:00,26.6,-78.2
2019236N10314,DORIAN,2019-09-02 12:00:00,26.7,-78.3
2019236N10314,DORIAN,2019-09-02 15:00:00,26.7,-78.4
2019236N10314,DORIAN,2019-09-02 18:00:00,26.8,-78.4
2019236N10314,DORIAN,2019-09-02 21:00:00,26.9,-78.5
2019236N10314,DORIAN,2019-09-03 00:00:00,26.9,-78.5
2019236N10314,DORIAN,2019-09-03 03:00:00,26.9,-78.5
2019236N10314,DORIAN,2019-09-03 06:00:00,27.0,-78.5
2019236N10314,DORIAN,2019-09-03 09:00:00,27.0,-78.5
2019236N10314,DORIAN,2019-09-03 12:00:00,27.1,-78.5
2019236N10314,DORIAN,2019-09-03 15:00:00,27.3,-78.5
2019236N10314,DORIAN,2019-09-03 18:00:00,27.6,-78.6
2019236N10314,DORIAN,2019-09-03 21:00:00,27.8,-78.7
2019236N10314,DORIAN,2019-09-04 00:00:00,28.1,-78.8
2019236N10314,DORIAN,2019-09-04 03:00:00,28.4,-79.0
2019236N10314,DORIAN,2019-09-04 06:00:00,28.8,-79.2
2019236N10314,DORIAN,2019-09-04 09:00:00,29.2,-79.4
2019236N10314,DORIAN,2019-09-04 12:00:00,29.5,-79.6
2019236N10314,DORIAN,2019-09-04 15:00:00,29.8,-79.7
2019236N10314,DORIAN,2019-09-04 18:00:00,30.1,-79.7
2019236N10314,DORIAN,2019-09-04 21:00:00,30.4,-79.7
2019236N10314,DORIAN,2019-09-05 00:00:00,30.7,-79.7
2019236N10314,DORIAN,2019-09-05 03:00:00,31.0,-79.7
2019236N10314,DORIAN,2019-09-05 06:00:00,31.4,-79.6
2019236N10314,DORIAN,2019-09-05 09:00:00,31.8,-79.4
2019236N10314,DORIAN,2019-09-05 12:00:00,32.1,-79.2
2019236N10314,DORIAN,2019-09-05 15:00:00,32.4,-79.1
2019236N10314,DORIAN,2019-09-05 18:00:00,32.7,-78.9
2019236N10314,DORIAN,2019-09-05 21:00:00,33.0,-78.5
2019236N10314,DORIAN,2019-09-06 00:00:00,33.4,-77.9
2019236N10314,DORIAN,2019-09-06 03:00:00,33.7,-77.4
2019236N10314,DORIAN,2019-09-06 06:00:00,34.1,-76.9
2019236N10314,DORIAN,2019-09-06 09:00:00,34.6,-76.3
2019236N10314,DORIAN,2019-09-06 12:00:00,35.1,-75.7
2019236N10314,DORIAN,2019-09-06 12:30:00,35.2,-75.6
2019236N10314,DORIAN,2019-09-06 15:00:00,35.7,-74.9
2019236N10314,DORIAN,2019-09-06 18:00:00,36.2,-73.7
2019236N10314,DORIAN,2019-09-06 21:00:00,36.8,-72.5
2019236N10314,DORIAN,2019-09-07 00:00:00,37.4,-71.2
2019236N10314,DORIAN,2019-09-07 03:00:00,38.1,-70.0
2019236N10314,DORIAN,2019-09-07 06:00:00,38.9,-68.9
2019236N10314,DORIAN,2019-09-07 09:00:00,39.8,-67.9
2019236N10314,DORIAN,2019-09-07 12:00:00,40.8,-66.9
2019236N10314,DORIAN,2019-09-07 15:00:00,41.8,-65.7
2019236N10314,DORIAN,2019-09-07 18:00:00,42.8,-64.6
2019236N10314,DORIAN,2019-09-07 21:00:00,44.0,-63.7
2019236N10314,DORIAN,2019-09-08 00:00:00,45.2,-62.9
2019236N10314,DORIAN,2019-09-08 03:00:00,46.4,-62.4
2019236N10314,DORIAN,2019-09-08 06:00:00,47.6,-61.9
2019236N10314,DORIAN,2019-09-08 09:00:00,48.6,-61.3
2019236N10314,DORIAN,2019-09-08 12:00:00,49.4,-60.4
2019236N10314,DORIAN,2019-09-08 15:00:00,50.2,-59.3
2019236N10314,DORIAN,2019-09-08 18:00:00,50.8,-57.9
2019236N10314,DORIAN,2019-09-08 21:00:00,51.3,-56.4
2019236N10314,DORIAN,2019-09-09 00:00:00,51.6,-54.8
2019256N23286,HUMBERTO,2019-09-12 12:00:00,23.0,-74.2
2019256N23286,HUMBERTO,2019-09-12 15:00:00,23.2,-74.3
2019256N23286,HUMBERTO,2019-09-12 18:00:00,23.4,-74.3
2019256N23286,HUMBERTO,2019-09-12 21:00:00,23.6,-74.3
2019256N23286,HUMBERTO,2019-09-13 00:00:00,23.8,-74.3
2019256N23286,HUMBERTO,2019-09-13 03:00:00,24.0,-74.3
2019256N23286,HUMBERTO,2019-09-13 06:00:00,24.2,-74.4
2019256N23286,HUMBERTO,2019-09-13 09:00:00,24.4,-74.4
2019256N23286,HUMBERTO,2019-09-13 12:00:00,24.7,-74.5
2019256N23286,HUMBERTO,2019-09-13 15:00:00,25.0,-74.6
2019256N23286,HUMBERTO,2019-09-13 18:00:00,25.2,-74.7
2019256N23286,HUMBERTO,2019-09-13 21:00:00,25.4,-74.9
2019256N23286,HUMBERTO,2019-09-14 00:00:00,25.6,-75.2
2019256N23286,HUMBERTO,2019-09-14 03:00:00,25.8,-75.5
2019256N23286,HUMBERTO,2019-09-14 06:00:00,26.0,-75.9
2019256N23286,HUMBERTO,2019-09-14 09:00:00,26.2,-76.2
2019256N23286,HUMBERTO,2019-09-14 12:00:00,26.5,-76.5
2019256N23286,HUMBERTO,2019-09-14 15:00:00,26.7,-76.8
2019256N23286,HUMBERTO,2019-09-14 18:00:00,27.0,-77.0
2019256N23286,HUMBERTO,2019-09-14 21:00:00,27.2,-77.2
2019256N23286,HUMBERTO,2019-09-15 00:00:00,27.5,-77.3
2019256N23286,HUMBERTO,2019-09-15 03:00:00,27.7,-77.5
2019256N23286,HUMBERTO,2019-09-15 06:00:00,28.0,-77.6
2019256N23286,HUMBERTO,2019-09-15 09:00:00,28.3,-77.8
2019256N23286,HUMBERTO,2019-09-15 12:00:00,28.6,-77.9
2019256N23286,HUMBERTO,2019-09-15 15:00:00,28.9,-78.0
2019256N23286,HUMBERTO,2019-09-15 18:00:00,29.1,-78.1
2019256N23286,HUMBERTO,2019-09-15 21:00:00,29.2,-78.0
2019256N23286,HUMBERTO,2019-09-16 00:00:00,29.2,-77.8
2019256N23286,HUMBERTO,2019-09-16 03:00:00,29.3,-77.6
2019256N23286,HUMBERTO,2019-09-16 06:00:00,29.5,-77.3
2019256N23286,HUMBERTO,2019-09-16 09:00:00,29.6,-77.0
2019256N23286,HUMBERTO,2019-09-16 12:00:00,29.8,-76.7
2019256N23286,HUMBERTO,2019-09-16 15:00:00,30.0,-76.4
2019256N23286,HUMBERTO,2019-09-16 18:00:00,30.1,-76.1
2019256N23286,HUMBERTO,2019-09-16 21:00:00,30.2,-75.8
2019256N23286,HUMBERTO,2019-09-17 00:00:00,30.3,-75.4
2019256N23286,HUMBERTO,2019-09-17 03:00:00,30.4,-75.1
2019256N23286,HUMBERTO,2019-09-17 06:00:00,30.5,-74.7
2019256N23286,HUMBERTO,2019-09-17 09:00:00,30.6,-74.3
2019256N23286,HUMBERTO,2019-09-17 12:00:00,30.7,-73.8
2019256N23286,HUMBERTO,2019-09-17 15:00:00,30.8,-73.4
2019256N23286,HUMBERTO,2019-09-17 18:00:00,30.9,-72.9
2019256N23286,HUMBERTO,2019-09-17 21:00:00,31.0,-72.3
2019256N23286,HUMBERTO,2019-09-18 00:00:00,31.2,-71.6
2019256N23286,HUMBERTO,2019-09-18 03:00:00,31.3,-71.0
2019256N23286,HUMBERTO,2019-09-18 06:00:00,31.5,-70.3
2019256N23286,HUMBERTO,2019-09-18 09:00:00,31.7,-69.6
2019256N23286,HUMBERTO,2019-09-18 12:00:00,32.0,-68.8
2019256N23286,HUMBERTO,2019-09-18 15:00:00,32.2,-68.1
2019256N23286,HUMBERTO,2019-09-18 18:00:00,32.5,-67.2
2019256N23286,HUMBERTO,2019-09-18 21:00:00,32.8,-66.1
2019256N23286,HUMBERTO,2019-09-19 00:00:00,33.2,-65.0
2019256N23286,HUMBERTO,2019-09-19 03:00:00,33.8,-64.0
2019256N23286,HUMBERTO,2019-09-19 06:00:00,34.5,-62.9
2019256N23286,HUMBERTO,2019-09-19 09:00:00,35.2,-61.8
2019256N23286,HUMBERTO,2019-09-19 12:00:00,36.0,-60.8
2019256N23286,HUMBERTO,2019-09-19 15:00:00,36.9,-60.0
2019256N23286,HUMBERTO,2019-09-19 18:00:00,37.7,-59.3
2019256N23286,HUMBERTO,2019-09-19 21:00:00,38.4,-58.8
2019256N23286,HUMBERTO,2019-09-20 00:00:00,39.1,-58.5
2019256N23286,HUMBERTO,2019-09-20 03:00:00,39.8,-58.2
2019256N23286,HUMBERTO,2019-09-20 06:00:00,40.4,-58.0
2019256N23286,HUMBERTO,2019-09-20 09:00:00,41.0,-57.8
2019256N23286,HUMBERTO,2019-09-20 12:00:00,41.5,-57.5
2019260N13317,JERRY,2019-09-17 00:00:00,12.6,-42.6
2019260N13317,JERRY,2019-09-17 03:00:00,12.7,-43.1
2019260N13317,JERRY,2019-09-17 06:00:00,12.8,-43.5
2019260N13317,JERRY,2019-09-17 09:00:00,12.9,-43.9
2019260N13317,JERRY,2019-09-17 12:00:00,13.0,-44.4
2019260N13317,JERRY,2019-09-17 15:00:00,13.1,-44.9
2019260N13317,JERRY,2019-09-17 18:00:00,13.3,-45.4
2019260N13317,JERRY,2019-09-17 21:00:00,13.4,-45.8
2019260N13317,JERRY,2019-09-18 00:00:00,13.6,-46.3
2019260N13317,JERRY,2019-09-18 03:00:00,13.8,-46.8
2019260N13317,JERRY,2019-09-18 06:00:00,14.0,-47.4
2019260N13317,JERRY,2019-09-18 09:00:00,14.2,-48.0
2019260N13317,JERRY,2019-09-18 12:00:00,14.4,-48.6
2019260N13317,JERRY,2019-09-18 15:00:00,14.6,-49.2
2019260N13317,JERRY,2019-09-18 18:00:00,14.8,-49.9
2019260N13317,JERRY,2019-09-18 21:00:00,15.0,-50.6
2019260N13317,JERRY,2019-09-19 00:00:00,15.2,-51.2
2019260N13317,JERRY,2019-09-19 03:00:00,15.5,-51.9
2019260N13317,JERRY,2019-09-19 06:00:00,15.8,-52.5
2019260N13317,JERRY,2019-09-19 09:00:00,16.1,-53.1
2019260N13317,JERRY,2019-09-19 12:00:00,16.5,-53.8
2019260N13317,JERRY,2019-09-19 15:00:00,16.9,-54.5
2019260N13317,JERRY,2019-09-19 18:00:00,17.2,-55.2
2019260N13317,JERRY,2019-09-19 21:00:00,17.5,-55.9
2019260N13317,JERRY,2019-09-20 00:00:00,17.7,-56.6
2019260N13317,JERRY,2019-09-20 03:00:00,17.9,-57.3
2019260N13317,JERRY,2019-09-20 06:00:00,18.1,-58.1
2019260N13317,JERRY,2019-09-20 09:00:00,18.3,-58.9
2019260N13317,JERRY,2019-09-20 12:00:00,18.5,-59.7
2019260N13317,JERRY,2019-09-20 15:00:00,18.8,-60.5
2019260N13317,JERRY,2019-09-20 18:00:00,19.2,-61.2
2019260N13317,JERRY,2019-09-20 21:00:00,19.6,-61.8
2019260N13317,JERRY,2019-09-21 00:00:00,20.1,-62.4
2019260N13317,JERRY,2019-09-21 03:00:00,20.6,-63.0
2019260N13317,JERRY,2019-09-21 06:00:00,21.0,-63.5
2019260N13317,JERRY,2019-09-21 09:00:00,21.4,-64.0
2019260N13317,JERRY,2019-09-21 12:00:00,21.7,-64.5
2019260N13317,JERRY,2019-09-21 15:00:00,22.1,-65.0
2019260N13317,JERRY,2019-09-21 18:00:00,22.5,-65.5
2019260N13317,JERRY,2019-09-21 21:00:00,23.0,-65.8
2019260N13317,JERRY,2019-09-22 00:00:00,23.6,-66.1
2019260N13317,JERRY,2019-09-22 03:00:00,24.1,-66.3
2019260N13317,JERRY,2019-09-22 06:00:00,24.5,-66.5
2019260N13317,JERRY,2019-09-22 09:00:00,24.9,-66.6
2019260N13317,JERRY,2019-09-22 12:00:00,25.4,-66.6
2019260N13317,JERRY,2019-09-22 15:00:00,25.9,-66.7
2019260N13317,JERRY,2019-09-22 18:00:00,26.3,-66.8
2019260N13317,JERRY,2019-09-22 21:00:00,26.7,-67.0
2019260N13317,JERRY,2019-09-23 00:00:00,27.0,-67.2
2019260N13317,JERRY,2019-09-23 03:00:00,27.2,-67.5
2019260N13317,JERRY,2019-09-23 06:00:00,27.4,-67.7
2019260N13317,JERRY,2019-09-23 09:00:00,27.5,-67.9
2019260N13317,JERRY,2019-09-23 12:00:00,27.7,-68.0
2019260N13317,JERRY,2019-09-23 15:00:00,27.9,-68.2
2019260N13317,JERRY,2019-09-23 18:00:00,28.2,-68.3
2019260N13317,JERRY,2019-09-23 21:00:00,28.5,-68.5
2019260N13317,JERRY,2019-09-24 00:00:00,28.9,-68.6
2019260N13317,JERRY,2019-09-24 03:00:00,29.3,-68.8
2019260N13317,JERRY,2019-09-24 06:00:00,29.7,-68.9
2019260N13317,JERRY,2019-09-24 09:00:00,30.1,-69.0
2019260N13317,JERRY,2019-09-24 12:00:00,30.5,-69.1
2019260N13317,JERRY,2019-09-24 15:00:00,30.7,-69.1
2019260N13317,JERRY,2019-09-24 18:00:00,30.9,-69.1
2019260N13317,JERRY,2019-09-24 21:00:00,31.1,-69.0
2019260N13317,JERRY,2019-09-25 00:00:00,31.3,-68.9
2019260N13317,JERRY,2019-09-25 03:00:00,31.5,-68.7
2019260N13317,JERRY,2019-09-25 06:00:00,31.6,-68.4
2019260N13317,JERRY,2019-09-25 09:00:00,31.7,-68.0
2019260N13317,JERRY,2019-09-25 12:00:00,31.8,-67.4
2019260N13317,JERRY,2019-09-25 15:00:00,31.9,-66.8
2019260N13317,JERRY,2019-09-25 18:00:00,32.0,-66.1
2019260N13317,JERRY,2019-09-25 21:00:00,32.1,-65.5
2019260N13317,JERRY,2019-09-26 00:00:00,32.3,-64.9
2019260N13317,JERRY,2019-09-26 03:00:00,32.6,-64.3
2019260N13317,JERRY,2019-09-26 06:00:00,32.9,-63.8
2019260N13317,JERRY,2019-09-26 09:00:00,33.3,-63.3
2019260N13317,JERRY,2019-09-26 12:00:00,33.6,-62.9
2019260N13317,JERRY,2019-09-26 15:00:00,33.9,-62.5
2019260N13317,JERRY,2019-09-26 18:00:00,34.1,-62.2
2019260N13317,JERRY,2019-09-26 21:00:00,34.4,-61.8
2019260N13317,JERRY,2019-09-27 00:00:00,34.6,-61.4
2019260N13317,JERRY,2019-09-27 03:00:00,34.8,-61.0
2019260N13317,JERRY,2019-09-27 06:00:00,35.0,-60.5
2019260N13317,JERRY,2019-09-27 09:00:00,35.2,-59.9
2019260N13317,JERRY,2019-09-27 12:00:00,35.3,-59.4
2019260N13317,JERRY,2019-09-27 15:00:00,35.3,-59.0
2019260N13317,JERRY,2019-09-27 18:00:00,35.3,-58.7
2019260N13317,JERRY,2019-09-27 21:00:00,35.2,-58.5
2019260N13317,JERRY,2019-09-28 00:00:00,35.1,-58.3
2019266N11341,LORENZO,2019-09-22 18:00:00,10.9,-18.8
2019266N11341,LORENZO,2019-09-22 21:00:00,11.0,-19.6
2019266N11341,LORENZO,2019-09-23 00:00:00,11.0,-20.4
2019266N11341,LORENZO,2019-09-23 03:00:00,11.0,-21.2
2019266N11341,LORENZO,2019-09-23 06:00:00,11.0,-21.9
2019266N11341,LORENZO,2019-09-23 09:00:00,11.0,-22.6
2019266N11341,LORENZO,2019-09-23 12:00:00,11.1,-23.3
2019266N11341,LORENZO,2019-09-23 15:00:00,11.1,-24.0
2019266N11341,LORENZO,2019-09-23 18:00:00,11.2,-24.6
2019266N11341,LORENZO,2019-09-23 21:00:00,11.3,-25.3
2019266N11341,LORENZO,2019-09-24 00:00:00,11.4,-25.9
2019266N11341,LORENZO,2019-09-24 03:00:00,11.6,-26.5
2019266N11341,LORENZO,2019-09-24 06:00:00,11.8,-27.2
2019266N11341,LORENZO,2019-09-24 09:00:00,12.0,-27.9
2019266N11341,LORENZO,2019-09-24 12:00:00,12.2,-28.7
2019266N11341,LORENZO,2019-09-24 15:00:00,12.4,-29.5
2019266N11341,LORENZO,2019-09-24 18:00:00,12.6,-30.2
2019266N11341,LORENZO,2019-09-24 21:00:00,12.8,-30.9
2019266N11341,LORENZO,2019-09-25 00:00:00,13.0,-31.6
2019266N11341,LORENZO,2019-09-25 03:00:00,13.2,-32.3
2019266N11341,LORENZO,2019-09-25 06:00:00,13.4,-33.0
2019266N11341,LORENZO,2019-09-25 09:00:00,13.6,-33.7
2019266N11341,LORENZO,2019-09-25 12:00:00,13.9,-34.5
2019266N11341,LORENZO,2019-09-25 15:00:00,14.2,-35.2
2019266N11341,LORENZO,2019-09-25 18:00:00,14.4,-36.0
2019266N11341,LORENZO,2019-09-25 21:00:00,14.5,-36.8
2019266N11341,LORENZO,2019-09-26 00:00:00,14.5,-37.5
2019266N11341,LORENZO,2019-09-26 03:00:00,14.6,-38.2
2019266N11341,LORENZO,2019-09-26 06:00:00,14.7,-38.8
2019266N11341,LORENZO,2019-09-26 09:00:00,14.9,-39.3
2019266N11341,LORENZO,2019-09-26 12:00:00,15.2,-39.8
2019266N11341,LORENZO,2019-09-26 15:00:00,15.6,-40.2
2019266N11341,LORENZO,2019-09-26 18:00:00,16.0,-40.6
2019266N11341,LORENZO,2019-09-26 21:00:00,16.5,-40.9
2019266N11341,LORENZO,2019-09-27 00:00:00,17.1,-41.2
2019266N11341,LORENZO,2019-09-27 03:00:00,17.6,-41.5
2019266N11341,LORENZO,2019-09-27 06:00:00,18.1,-41.9
2019266N11341,LORENZO,2019-09-27 09:00:00,18.5,-42.3
2019266N11341,LORENZO,2019-09-27 12:00:00,18.9,-42.7
2019266N11341,LORENZO,2019-09-27 15:00:00,19.3,-43.1
2019266N11341,LORENZO,2019-09-27 18:00:00,19.6,-43.5
2019266N11341,LORENZO,2019-09-27 21:00:00,19.9,-43.9
2019266N11341,LORENZO,2019-09-28 00:00:00,20.3,-44.2
2019266N11341,LORENZO,2019-09-28 03:00:00,20.7,-44.4
2019266N11341,LORENZO,2019-09-28 06:00:00,21.1,-44.6
2019266N11341,LORENZO,2019-09-28 09:00:00,21.5,-44.8
2019266N11341,LORENZO,2019-09-28 12:00:00,22.0,-44.9
2019266N11341,LORENZO,2019-09-28 15:00:00,22.4,-45.0
2019266N11341,LORENZO,2019-09-28 18:00:00,22.9,-45.0
2019266N11341,LORENZO,2019-09-28 21:00:00,23.3,-45.0
2019266N11341,LORENZO,2019-09-29 00:00:00,23.8,-45.0
2019266N11341,LORENZO,2019-09-29 03:00:00,24.3,-45.0
2019266N11341,LORENZO,2019-09-29 06:00:00,24.7,-45.0
2019266N11341,LORENZO,2019-09-29 09:00:00,25.1,-44.9
2019266N11341,LORENZO,2019-09-29 12:00:00,25.6,-44.8
2019266N11341,LORENZO,2019-09-29 15:00:00,26.0,-44.6
2019266N11341,LORENZO,2019-09-29 18:00:00,26.4,-44.4
2019266N11341,LORENZO,2019-09-29 21:00:00,26.8,-44.2
2019266N11341,LORENZO,2019-09-30 00:00:00,27.2,-44.0
2019266N11341,LORENZO,2019-09-30 03:00:00,27.7,-43.8
2019266N11341,LORENZO,2019-09-30 06:00:00,28.2,-43.6
2019266N11341,LORENZO,2019-09-30 09:00:00,28.7,-43.4
2019266N11341,LORENZO,2019-09-30 12:00:00,29.2,-43.2
2019266N11341,LORENZO,2019-09-30 15:00:00,29.7,-43.0
2019266N11341,LORENZO,2019-09-30 18:00:00,30.2,-42.7
2019266N11341,LORENZO,2019-09-30 21:00:00,30.7,-42.4
2019266N11341,LORENZO,2019-10-01 00:00:00,31.2,-41.9
2019266N11341,LORENZO,2019-10-01 03:00:00,31.8,-41.4
2019266N11341,LORENZO,2019-10-01 06:00:00,32.6,-40.7
2019266N11341,LORENZO,2019-10-01 09:00:00,33.4,-39.9
2019266N11341,LORENZO,2019-10-01 12:00:00,34.3,-39.0
2019266N11341,LORENZO,2019-10-01 15:00:00,35.1,-37.9
2019266N11341,LORENZO,2019-10-01 18:00:00,35.9,-36.8
2019266N11341,LORENZO,2019-10-01 21:00:00,36.8,-35.7
2019266N11341,LORENZO,2019-10-02 00:00:00,37.8,-34.4
2019266N11341,LORENZO,2019-10-02 03:00:00,38.9,-33.0
2019266N11341,LORENZO,2019-10-02 06:00:00,40.2,-31.4
2019266N11341,LORENZO,2019-10-02 09:00:00,41.6,-29.7
2019266N11341,LORENZO,2019-10-02 12:00:00,43.0,-28.0
2019266N11341,LORENZO,2019-10-02 15:00:00,44.4,-26.2
2019266N11341,LORENZO,2019-10-02 18:00:00,45.9,-24.4
2019266N11341,LORENZO,2019-10-02 21:00:00,47.6,-22.9
2019266N11341,LORENZO,2019-10-03 00:00:00,49.2,-21.5
2019266N11341,LORENZO,2019-10-03 03:00:00,50.7,-20.1
2019266N11341,LORENZO,2019-10-03 06:00:00,52.0,-18.7
2019266N11341,LORENZO,2019-10-03 09:00:00,53.4,-17.2
2019266N11341,LORENZO,2019-10-03 12:00:00,54.5,-15.7
2019266N11341,LORENZO,2019-10-03 15:00:00,55.4,-14.5
2019266N11341,LORENZO,2019-10-03 18:00:00,55.8,-13.3
2019266N11341,LORENZO,2019-10-03 21:00:00,55.8,-11.9
2019266N11341,LORENZO,2019-10-04 00:00:00,55.4,-10.5
2019266N11341,LORENZO,2019-10-04 03:00:00,55.0,-9.3
2019266N11341,LORENZO,2019-10-04 06:00:00,54.5,-8.2
2020205N26272,HANNA,2020-07-23 00:00:00,25.7,-88.3
2020205N26272,HANNA,2020-07-23 03:00:00,25.8,-88.6
2020205N26272,HANNA,2020-07-23 06:00:00,25.8,-89.0
2020205N26272,HANNA,2020-07-23 09:00:00,25.8,-89.4
2020205N26272,HANNA,2020-07-23 12:00:00,25.9,-89.7
2020205N26272,HANNA,2020-07-23 15:00:00,25.9,-90.1
2020205N26272,HANNA,2020-07-23 18:00:00,26.0,-90.4
2020205N26272,HANNA,2020-07-23 21:00:00,26.1,-90.7
2020205N26272,HANNA,2020-07-24 00:00:00,26.2,-91.1
2020205N26272,HANNA,2020-07-24 03:00:00,26.4,-91.5
2020205N26272,HANNA,2020-07-24 06:00:00,26.6,-92.0
2020205N26272,HANNA,2020-07-24 09:00:00,26.9,-92.4
2020205N26272,HANNA,2020-07-24 12:00:00,27.1,-92.8
2020205N26272,HANNA,2020-07-24 15:00:00,27.2,-93.3
2020205N26272,HANNA,2020-07-24 18:00:00,27.2,-93.7
2020205N26272,HANNA,2020-07-24 21:00:00,27.2,-94.1
2020205N26272,HANNA,2020-07-25 00:00:00,27.1,-94.5
2020205N26272,HANNA,2020-07-25 03:00:00,27.1,-94.9
2020205N26272,HANNA,2020-07-25 06:00:00,27.1,-95.3
2020205N26272,HANNA,2020-07-25 09:00:00,27.1,-95.6
2020205N26272,HANNA,2020-07-25 12:00:00,27.1,-96.0
2020205N26272,HANNA,2020-07-25 15:00:00,27.0,-96.4
2020205N26272,HANNA,2020-07-25 18:00:00,26.9,-96.8
2020205N26272,HANNA,2020-07-25 21:00:00,26.8,-97.2
2020205N26272,HANNA,2020-07-25 22:00:00,26.8,-97.3
2020205N26272,HANNA,2020-07-25 23:15:00,26.7,-97.5
2020205N26272,HANNA,2020-07-26 00:00:00,26.7,-97.6
2020205N26272,HANNA,2020-07-26 03:00:00,26.6,-98.0
2020205N26272,HANNA,2020-07-26 06:00:00,26.5,-98.5
2020205N26272,HANNA,2020-07-26 09:00:00,26.4,-98.9
2020205N26272,HANNA,2020-07-26 12:00:00,26.2,-99.3
2020205N26272,HANNA,2020-07-26 15:00:00,26.0,-99.8
2020205N26272,HANNA,2020-07-26 18:00:00,25.8,-100.3
2020234N14280,MARCO,2020-08-20 18:00:00,14.1,-80.5
2020234N14280,MARCO,2020-08-20 21:00:00,14.3,-81.2
2020234N14280,MARCO,2020-08-21 00:00:00,14.6,-81.8
2020234N14280,MARCO,2020-08-21 03:00:00,14.9,-82.4
2020234N14280,MARCO,2020-08-21 06:00:00,15.3,-82.9
2020234N14280,MARCO,2020-08-21 09:00:00,15.8,-83.3
2020234N14280,MARCO,2020-08-21 12:00:00,16.3,-83.7
2020234N14280,MARCO,2020-08-21 15:00:00,16.9,-84.0
2020234N14280,MARCO,2020-08-21 18:00:00,17.4,-84.2
2020234N14280,MARCO,2020-08-21 21:00:00,17.9,-84.4
2020234N14280,MARCO,2020-08-22 00:00:00,18.3,-84.6
2020234N14280,MARCO,2020-08-22 03:00:00,18.7,-84.9
2020234N14280,MARCO,2020-08-22 06:00:00,19.2,-85.1
2020234N14280,MARCO,2020-08-22 09:00:00,19.7,-85.2
2020234N14280,MARCO,2020-08-22 12:00:00,20.3,-85.2
2020234N14280,MARCO,2020-08-22 15:00:00,20.8,-85.3
2020234N14280,MARCO,2020-08-22 18:00:00,21.3,-85.5
2020234N14280,MARCO,2020-08-22 21:00:00,21.8,-85.8
2020234N14280,MARCO,2020-08-23 00:00:00,22.2,-86.1
2020234N14280,MARCO,2020-08-23 03:00:00,22.7,-86.4
2020234N14280,MARCO,2020-08-23 06:00:00,23.2,-86.7
2020234N14280,MARCO,2020-08-23 09:00:00,23.8,-87.0
2020234N14280,MARCO,2020-08-23 12:00:00,24.3,-87.2
2020234N14280,MARCO,2020-08-23 15:00:00,24.8,-87.3
2020234N14280,MARCO,2020-08-23 18:00:00,25.3,-87.4
2020234N14280,MARCO,2020-08-23 21:00:00,25.9,-87.5
2020234N14280,MARCO,2020-08-24 00:00:00,26.4,-87.6
2020234N14280,MARCO,2020-08-24 03:00:00,26.9,-87.7
2020234N14280,MARCO,2020-08-24 06:00:00,27.3,-87.9
2020234N14280,MARCO,2020-08-24 09:00:00,27.7,-88.1
2020234N14280,MARCO,2020-08-24 12:00:00,28.1,-88.3
2020234N14280,MARCO,2020-08-24 15:00:00,28.4,-88.4
2020234N14280,MARCO,2020-08-24 18:00:00,28.7,-88.6
2020234N14280,MARCO,2020-08-24 21:00:00,28.9,-88.9
2020234N14280,MARCO,2020-08-25 00:00:00,28.9,-89.3
2020234N14280,MARCO,2020-08-25 03:00:00,28.8,-89.9
2020234N14280,MARCO,2020-08-25 06:00:00,28.7,-90.5
2020234N14280,MARCO,2020-08-25 09:00:00,28.6,-91.0
2020234N14280,MARCO,2020-08-25 12:00:00,28.6,-91.4
2020234N14280,MARCO,2020-08-25 15:00:00,28.8,-91.8
2020234N14280,MARCO,2020-08-25 18:00:00,29.1,-92.3
2020251N17319,PAULETTE,2020-09-07 00:00:00,16.9,-41.3
2020251N17319,PAULETTE,2020-09-07 03:00:00,17.0,-41.6
2020251N17319,PAULETTE,2020-09-07 06:00:00,17.0,-41.8
2020251N17319,PAULETTE,2020-09-07 09:00:00,17.0,-42.0
2020251N17319,PAULETTE,2020-09-07 12:00:00,17.1,-42.1
2020251N17319,PAULETTE,2020-09-07 15:00:00,17.2,-42.2
2020251N17319,PAULETTE,2020-09-07 18:00:00,17.3,-42.3
2020251N17319,PAULETTE,2020-09-07 21:00:00,17.4,-42.4
2020251N17319,PAULETTE,2020-09-08 00:00:00,17.6,-42.4
2020251N17319,PAULETTE,2020-09-08 03:00:00,17.7,-42.5
2020251N17319,PAULETTE,2020-09-08 06:00:00,17.9,-42.6
2020251N17319,PAULETTE,2020-09-08 09:00:00,18.1,-42.8
2020251N17319,PAULETTE,2020-09-08 12:00:00,18.3,-43.0
2020251N17319,PAULETTE,2020-09-08 15:00:00,18.5,-43.3
2020251N17319,PAULETTE,2020-09-08 18:00:00,18.6,-43.7
2020251N17319,PAULETTE,2020-09-08 21:00:00,18.8,-44.1
2020251N17319,PAULETTE,2020-09-09 00:00:00,18.9,-44.5
2020251N17319,PAULETTE,2020-09-09 03:00:00,19.0,-44.9
2020251N17319,PAULETTE,2020-09-09 06:00:00,19.2,-45.2
2020251N17319,PAULETTE,2020-09-09 09:00:00,19.4,-45.6
2020251N17319,PAULETTE,2020-09-09 12:00:00,19.6,-46.0
2020251N17319,PAULETTE,2020-09-09 15:00:00,19.8,-46.4
2020251N17319,PAULETTE,2020-09-09 18:00:00,20.0,-46.8
2020251N17319,PAULETTE,2020-09-09 21:00:00,20.2,-47.2
2020251N17319,PAULETTE,2020-09-10 00:00:00,20.4,-47.6
2020251N17319,PAULETTE,2020-09-10 03:00:00,20.6,-48.0
2020251N17319,PAULETTE,2020-09-10 06:00:00,20.8,-48.3
2020251N17319,PAULETTE,2020-09-10 09:00:00,21.0,-48.6
2020251N17319,PAULETTE,2020-09-10 12:00:00,21.3,-48.9
2020251N17319,PAULETTE,2020-09-10 15:00:00,21.5,-49.2
2020251N17319,PAULETTE,2020-09-10 18:00:00,21.8,-49.6
2020251N17319,PAULETTE,2020-09-10 21:00:00,22.0,-49.9
2020251N17319,PAULETTE,2020-09-11 00:00:00,22.3,-50.3
2020251N17319,PAULETTE,2020-09-11 03:00:00,22.5,-50.7
2020251N17319,PAULETTE,2020-09-11 06:00:00,22.8,-51.1
2020251N17319,PAULETTE,2020-09-11 09:00:00,23.1,-51.6
2020251N17319,PAULETTE,2020-09-11 12:00:00,23.4,-52.1
2020251N17319,PAULETTE,2020-09-11 15:00:00,23.8,-52.6
2020251N17319,PAULETTE,2020-09-11 18:00:00,24.3,-53.1
2020251N17319,PAULETTE,2020-09-11 21:00:00,24.8,-53.7
2020251N17319,PAULETTE,2020-09-12 00:00:00,25.4,-54.3
2020251N17319,PAULETTE,2020-09-12 03:00:00,25.9,-55.0
2020251N17319,PAULETTE,2020-09-12 06:00:00,26.4,-55.6
2020251N17319,PAULETTE,2020-09-12 09:00:00,26.9,-56.2
2020251N17319,PAULETTE,2020-09-12 12:00:00,27.3,-56.7
2020251N17319,PAULETTE,2020-09-12 15:00:00,27.7,-57.2
2020251N17319,PAULETTE,2020-09-12 18:00:00,28.0,-57.8
2020251N17319,PAULETTE,2020-09-12 21:00:00,28.3,-58.4
2020251N17319,PAULETTE,2020-09-13 00:00:00,28.6,-59.1
2020251N17319,PAULETTE,2020-09-13 03:00:00,28.9,-59.7
2020251N17319,PAULETTE,2020-09-13 06:00:00,29.1,-60.3
2020251N17319,PAULETTE,2020-09-13 09:00:00,29.3,-60.9
2020251N17319,PAULETTE,2020-09-13 12:00:00,29.6,-61.4
2020251N17319,PAULETTE,2020-09-13 15:00:00,29.9,-62.0
2020251N17319,PAULETTE,2020-09-13 18:00:00,30.2,-62.6
2020251N17319,PAULETTE,2020-09-13 21:00:00,30.5,-63.1
2020251N17319,PAULETTE,2020-09-14 00:00:00,30.9,-63.6
2020251N17319,PAULETTE,2020-09-14 03:00:00,31.3,-64.0
2020251N17319,PAULETTE,2020-09-14 06:00:00,31.8,-64.4
2020251N17319,PAULETTE,2020-09-14 08:50:00,32.3,-64.7
2020251N17319,PAULETTE,2020-09-14 09:00:00,32.3,-64.7
2020251N17319,PAULETTE,2020-09-14 12:00:00,32.9,-64.9
2020251N17319,PAULETTE,2020-09-14 15:00:00,33.4,-64.8
2020251N17319,PAULETTE,2020-09-14 18:00:00,33.9,-64.4
2020251N17319,PAULETTE,2020-09-14 21:00:00,34.5,-63.9
2020251N17319,PAULETTE,2020-09-15 00:00:00,35.1,-63.3
2020251N17319,PAULETTE,2020-09-15 03:00:00,35.7,-62.8
2020251N17319,PAULETTE,2020-09-15 06:00:00,36.3,-62.0
2020251N17319,PAULETTE,2020-09-15 09:00:00,37.0,-60.9
2020251N17319,PAULETTE,2020-09-15 12:00:00,37.6,-59.5
2020251N17319,PAULETTE,2020-09-15 15:00:00,38.1,-58.1
2020251N17319,PAULETTE,2020-09-15 18:00:00,38.7,-56.7
2020251N17319,PAULETTE,2020-09-15 21:00:00,39.3,-55.4
2020251N17319,PAULETTE,2020-09-16 00:00:00,40.0,-54.0
2020251N17319,PAULETTE,2020-09-16 03:00:00,40.6,-52.5
2020251N17319,PAULETTE,2020-09-16 06:00:00,41.2,-50.8
2020251N17319,PAULETTE,2020-09-16 09:00:00,41.9,-48.9
2020251N17319,PAULETTE,2020-09-16 12:00:00,42.6,-46.9
2020251N17319,PAULETTE,2020-09-16 15:00:00,43.4,-45.0
2020251N17319,PAULETTE,2020-09-16 18:00:00,44.3,-43.1
2020251N17319,PAULETTE,2020-09-16 21:00:00,45.1,-41.1
2020251N17319,PAULETTE,2020-09-17 00:00:00,45.9,-39.3
2020251N17319,PAULETTE,2020-09-17 03:00:00,46.6,-37.8
2020251N17319,PAULETTE,2020-09-17 06:00:00,47.0,-36.5
2020251N17319,PAULETTE,2020-09-17 09:00:00,47.1,-35.4
2020251N17319,PAULETTE,2020-09-17 12:00:00,47.0,-34.5
2020251N17319,PAULETTE,2020-09-17 15:00:00,46.8,-33.7
2020251N17319,PAULETTE,2020-09-17 18:00:00,46.6,-33.0
2020251N17319,PAULETTE,2020-09-17 21:00:00,46.4,-32.3
2020251N17319,PAULETTE,2020-09-18 00:00:00,46.0,-31.8
2020251N17319,PAULETTE,2020-09-18 03:00:00,45.4,-31.5
2020251N17319,PAULETTE,2020-09-18 06:00:00,44.6,-31.4
2020251N17319,PAULETTE,2020-09-18 09:00:00,43.7,-31.3
2020251N17319,PAULETTE,2020-09-18 12:00:00,42.8,-31.3
2020251N17319,PAULETTE,2020-09-18 15:00:00,41.9,-31.3
2020251N17319,PAULETTE,2020-09-18 18:00:00,41.0,-31.2
2020251N17319,PAULETTE,2020-09-18 21:00:00,40.0,-31.1
2020251N17319,PAULETTE,2020-09-19 00:00:00,39.1,-31.1
2020251N17319,PAULETTE,2020-09-19 03:00:00,38.3,-31.1
2020251N17319,PAULETTE,2020-09-19 06:00:00,37.7,-31.1
2020251N17319,PAULETTE,2020-09-19 09:00:00,37.0,-30.9
2020251N17319,PAULETTE,2020-09-19 12:00:00,36.5,-30.5
2020251N17319,PAULETTE,2020-09-19 15:00:00,36.1,-30.1
2020251N17319,PAULETTE,2020-09-19 18:00:00,35.9,-29.8
2020251N17319,PAULETTE,2020-09-19 21:00:00,35.8,-29.6
2020251N17319,PAULETTE,2020-09-20 00:00:00,35.7,-29.5
2020251N17319,PAULETTE,2020-09-20 03:00:00,35.6,-29.4
2020251N17319,PAULETTE,2020-09-20 06:00:00,35.5,-29.4
2020251N17319,PAULETTE,2020-09-20 09:00:00,35.3,-29.5
2020251N17319,PAULETTE,2020-09-20 12:00:00,35.1,-29.7
2020251N17319,PAULETTE,2020-09-20 15:00:00,34.9,-30.1
2020251N17319,PAULETTE,2020-09-20 18:00:00,34.7,-30.6
2020251N17319,PAULETTE,2020-09-20 21:00:00,34.4,-31.0
2020251N17319,PAULETTE,2020-09-21 00:00:00,34.1,-31.2
2020251N17319,PAULETTE,2020-09-21 03:00:00,33.7,-31.4
2020251N17319,PAULETTE,2020-09-21 06:00:00,33.3,-31.2
2020251N17319,PAULETTE,2020-09-21 09:00:00,33.0,-30.6
2020251N17319,PAULETTE,2020-09-21 12:00:00,32.9,-29.8
2020251N17319,PAULETTE,2020-09-21 15:00:00,33.0,-29.0
2020251N17319,PAULETTE,2020-09-21 18:00:00,33.3,-28.1
2020251N17319,PAULETTE,2020-09-21 21:00:00,33.5,-27.2
2020251N17319,PAULETTE,2020-09-22 00:00:00,33.8,-26.3
2020251N17319,PAULETTE,2020-09-22 03:00:00,34.2,-25.4
2020251N17319,PAULETTE,2020-09-22 06:00:00,34.5,-24.6
2020251N17319,PAULETTE,2020-09-22 09:00:00,34.7,-23.8
2020251N17319,PAULETTE,2020-09-22 12:00:00,34.8,-23.1
2020251N17319,PAULETTE,2020-09-22 15:00:00,34.8,-22.4
2020251N17319,PAULETTE,2020-09-22 18:00:00,34.7,-21.8
2020251N17319,PAULETTE,2020-09-22 21:00:00,34.7,-21.2
2020251N17319,PAULETTE,2020-09-23 00:00:00,34.8,-20.5
2020251N17319,PAULETTE,2020-09-23 03:00:00,34.9,-19.8
2020251N17319,PAULETTE,2020-09-23 06:00:00,35.0,-19.2
2020251N17319,PAULETTE,2020-09-23 09:00:00,35.3,-18.6
2020251N17319,PAULETTE,2020-09-23 12:00:00,35.6,-18.1
2020251N17319,PAULETTE,2020-09-23 15:00:00,35.9,-17.6
2020251N17319,PAULETTE,2020-09-23 18:00:00,36.2,-17.2
2020251N17319,PAULETTE,2020-09-23 21:00:00,36.3,-16.9
2020251N17319,PAULETTE,2020-09-24 00:00:00,36.2,-16.7
2020251N17319,PAULETTE,2020-09-24 03:00:00,36.1,-16.6
2020251N17319,PAULETTE,2020-09-24 06:00:00,35.9,-16.6
2020251N17319,PAULETTE,2020-09-24 09:00:00,35.7,-16.8
2020251N17319,PAULETTE,2020-09-24 12:00:00,35.4,-17.2
2020251N17319,PAULETTE,2020-09-24 15:00:00,35.0,-17.7
2020251N17319,PAULETTE,2020-09-24 18:00:00,34.6,-18.4
2020251N17319,PAULETTE,2020-09-24 21:00:00,34.1,-19.1
2020251N17319,PAULETTE,2020-09-25 00:00:00,33.7,-19.8
2020251N17319,PAULETTE,2020-09-25 03:00:00,33.5,-20.6
2020251N17319,PAULETTE,2020-09-25 06:00:00,33.4,-21.4
2020251N17319,PAULETTE,2020-09-25 09:00:00,33.2,-22.3
2020251N17319,PAULETTE,2020-09-25 12:00:00,33.0,-23.2
2020251N17319,PAULETTE,2020-09-25 15:00:00,33.0,-24.2
2020251N17319,PAULETTE,2020-09-25 18:00:00,33.0,-25.1
2020251N17319,PAULETTE,2020-09-25 21:00:00,33.1,-26.0
2020251N17319,PAULETTE,2020-09-26 00:00:00,33.2,-26.8
2020251N17319,PAULETTE,2020-09-26 03:00:00,33.4,-27.6
2020251N17319,PAULETTE,2020-09-26 06:00:00,33.7,-28.4
2020251N17319,PAULETTE,2020-09-26 09:00:00,34.1,-29.0
2020251N17319,PAULETTE,2020-09-26 12:00:00,34.6,-29.5
2020251N17319,PAULETTE,2020-09-26 15:00:00,35.0,-29.9
2020251N17319,PAULETTE,2020-09-26 18:00:00,35.4,-30.2
2020251N17319,PAULETTE,2020-09-26 21:00:00,35.9,-30.4
2020251N17319,PAULETTE,2020-09-27 00:00:00,36.3,-30.3
2020251N17319,PAULETTE,2020-09-27 03:00:00,36.5,-30.0
2020251N17319,PAULETTE,2020-09-27 06:00:00,36.7,-29.5
2020251N17319,PAULETTE,2020-09-27 09:00:00,36.9,-29.0
2020251N17319,PAULETTE,2020-09-27 12:00:00,37.0,-28.4
2020251N17319,PAULETTE,2020-09-27 15:00:00,37.0,-27.8
2020251N17319,PAULETTE,2020-09-27 18:00:00,36.9,-27.3
2020251N17319,PAULETTE,2020-09-27 21:00:00,36.9,-26.8
2020251N17319,PAULETTE,2020-09-28 00:00:00,36.8,-26.4
2020251N17319,PAULETTE,2020-09-28 03:00:00,36.7,-26.1
2020251N17319,PAULETTE,2020-09-28 06:00:00,36.5,-25.8
2020251N17319,PAULETTE,2020-09-28 09:00:00,36.3,-25.6
2020251N17319,PAULETTE,2020-09-28 12:00:00,36.1,-25.5
2020256N11329,TEDDY,2020-09-12 06:00:00,11.0,-31.4
2020256N11329,TEDDY,2020-09-12 09:00:00,11.1,-31.9
2020256N11329,TEDDY,2020-09-12 12:00:00,11.2,-32.4
2020256N11329,TEDDY,2020-09-12 15:00:00,11.3,-32.9
2020256N11329,TEDDY,2020-09-12 18:00:00,11.4,-33.3
2020256N11329,TEDDY,2020-09-12 21:00:00,11.5,-33.8
2020256N11329,TEDDY,2020-09-13 00:00:00,11.6,-34.2
2020256N11329,TEDDY,2020-09-13 03:00:00,11.7,-34.6
2020256N11329,TEDDY,2020-09-13 06:00:00,11.9,-35.1
2020256N11329,TEDDY,2020-09-13 09:00:00,12.0,-35.6
2020256N11329,TEDDY,2020-09-13 12:00:00,12.2,-36.2
2020256N11329,TEDDY,2020-09-13 15:00:00,12.4,-36.8
2020256N11329,TEDDY,2020-09-13 18:00:00,12.6,-37.4
2020256N11329,TEDDY,2020-09-13 21:00:00,12.8,-38.0
2020256N11329,TEDDY,2020-09-14 00:00:00,12.9,-38.7
2020256N11329,TEDDY,2020-09-14 03:00:00,12.9,-39.5
2020256N11329,TEDDY,2020-09-14 06:00:00,12.9,-40.4
2020256N11329,TEDDY,2020-09-14 09:00:00,12.9,-41.3
2020256N11329,TEDDY,2020-09-14 12:00:00,12.9,-42.1
2020256N11329,TEDDY,2020-09-14 15:00:00,12.9,-42.8
2020256N11329,TEDDY,2020-09-14 18:00:00,12.9,-43.4
2020256N11329,TEDDY,2020-09-14 21:00:00,12.9,-44.0
2020256N11329,TEDDY,2020-09-15 00:00:00,13.0,-44.5
2020256N11329,TEDDY,2020-09-15 03:00:00,13.2,-45.0
2020256N11329,TEDDY,2020-09-15 06:00:00,13.4,-45.5
2020256N11329,TEDDY,2020-09-15 09:00:00,13.6,-46.1
2020256N11329,TEDDY,2020-09-15 12:00:00,13.8,-46.6
2020256N11329,TEDDY,2020-09-15 15:00:00,14.0,-47.0
2020256N11329,TEDDY,2020-09-15 18:00:00,14.2,-47.4
2020256N11329,TEDDY,2020-09-15 21:00:00,14.4,-47.7
2020256N11329,TEDDY,2020-09-16 00:00:00,14.7,-48.0
2020256N11329,TEDDY,2020-09-16 03:00:00,15.0,-48.3
2020256N11329,TEDDY,2020-09-16 06:00:00,15.4,-48.6
2020256N11329,TEDDY,2020-09-16 09:00:00,15.7,-48.9
2020256N11329,TEDDY,2020-09-16 12:00:00,16.1,-49.3
2020256N11329,TEDDY,2020-09-16 15:00:00,16.5,-49.7
2020256N11329,TEDDY,2020-09-16 18:00:00,16.8,-50.2
2020256N11329,TEDDY,2020-09-16 21:00:00,17.1,-50.7
2020256N11329,TEDDY,2020-09-17 00:00:00,17.4,-51.1
2020256N11329,TEDDY,2020-09-17 03:00:00,17.7,-51.6
2020256N11329,TEDDY,2020-09-17 06:00:00,18.1,-52.0
2020256N11329,TEDDY,2020-09-17 09:00:00,18.5,-52.4
2020256N11329,TEDDY,2020-09-17 12:00:00,18.9,-52.8
2020256N11329,TEDDY,2020-09-17 15:00:00,19.3,-53.3
2020256N11329,TEDDY,2020-09-17 18:00:00,19.7,-53.7
2020256N11329,TEDDY,2020-09-17 21:00:00,20.1,-54.1
2020256N11329,TEDDY,2020-09-18 00:00:00,20.4,-54.4
2020256N11329,TEDDY,2020-09-18 03:00:00,20.8,-54.8
2020256N11329,TEDDY,2020-09-18 06:00:00,21.1,-55.1
2020256N11329,TEDDY,2020-09-18 09:00:00,21.4,-55.5
2020256N11329,TEDDY,2020-09-18 12:00:00,21.7,-55.8
2020256N11329,TEDDY,2020-09-18 15:00:00,22.1,-56.2
2020256N11329,TEDDY,2020-09-18 18:00:00,22.5,-56.5
2020256N11329,TEDDY,2020-09-18 21:00:00,23.0,-56.9
2020256N11329,TEDDY,2020-09-19 00:00:00,23.5,-57.2
2020256N11329,TEDDY,2020-09-19 03:00:00,23.9,-57.5
2020256N11329,TEDDY,2020-09-19 06:00:00,24.4,-57.9
2020256N11329,TEDDY,2020-09-19 09:00:00,24.9,-58.3
2020256N11329,TEDDY,2020-09-19 12:00:00,25.4,-58.7
2020256N11329,TEDDY,2020-09-19 15:00:00,25.8,-59.2
2020256N11329,TEDDY,2020-09-19 18:00:00,26.2,-59.7
2020256N11329,TEDDY,2020-09-19 21:00:00,26.6,-60.2
2020256N11329,TEDDY,2020-09-20 00:00:00,26.9,-60.8
2020256N11329,TEDDY,2020-09-20 03:00:00,27.2,-61.4
2020256N11329,TEDDY,2020-09-20 06:00:00,27.5,-61.9
2020256N11329,TEDDY,2020-09-20 09:00:00,27.8,-62.3
2020256N11329,TEDDY,2020-09-20 12:00:00,28.0,-62.6
2020256N11329,TEDDY,2020-09-20 15:00:00,28.3,-63.0
2020256N11329,TEDDY,2020-09-20 18:00:00,28.5,-63.3
2020256N11329,TEDDY,2020-09-20 21:00:00,28.7,-63.6
2020256N11329,TEDDY,2020-09-21 00:00:00,29.0,-63.7
2020256N11329,TEDDY,2020-09-21 03:00:00,29.3,-63.7
2020256N11329,TEDDY,2020-09-21 06:00:00,29.7,-63.5
2020256N11329,TEDDY,2020-09-21 09:00:00,30.0,-63.3
2020256N11329,TEDDY,2020-09-21 12:00:00,30.5,-62.9
2020256N11329,TEDDY,2020-09-21 15:00:00,31.2,-62.3
2020256N11329,TEDDY,2020-09-21 18:00:00,32.2,-61.8
2020256N11329,TEDDY,2020-09-21 21:00:00,33.3,-61.5
2020256N11329,TEDDY,2020-09-22 00:00:00,34.6,-61.4
2020256N11329,TEDDY,2020-09-22 03:00:00,36.2,-61.6
2020256N11329,TEDDY,2020-09-22 06:00:00,37.6,-62.1
2020256N11329,TEDDY,2020-09-22 09:00:00,38.5,-62.8
2020256N11329,TEDDY,2020-09-22 12:00:00,39.1,-63.5
2020256N11329,TEDDY,2020-09-22 15:00:00,39.7,-64.0
2020256N11329,TEDDY,2020-09-22 18:00:00,40.3,-64.2
2020256N11329,TEDDY,2020-09-22 21:00:00,41.0,-64.3
2020256N11329,TEDDY,2020-09-23 00:00:00,41.8,-64.2
2020256N11329,TEDDY,2020-09-23 03:00:00,42.5,-63.8
2020256N11329,TEDDY,2020-09-23 06:00:00,43.2,-63.3
2020256N11329,TEDDY,2020-09-23 09:00:00,44.0,-62.8
2020256N11329,TEDDY,2020-09-23 12:00:00,45.0,-62.1
2020256N11329,TEDDY,2020-09-23 15:00:00,46.2,-61.3
2020256N11329,TEDDY,2020-09-23 18:00:00,47.4,-60.4
2020256N11329,TEDDY,2020-09-23 21:00:00,48.5,-59.3
2020256N11329,TEDDY,2020-09-24 00:00:00,49.7,-58.2
2020256N11329,TEDDY,2020-09-24 03:00:00,51.2,-57.0
2020256N11329,TEDDY,2020-09-24 06:00:00,52.8,-55.8
2020279N16284,DELTA,2020-10-04 18:00:00,16.4,-76.2
2020279N16284,DELTA,2020-10-04 21:00:00,16.4,-76.6
2020279N16284,DELTA,2020-10-05 00:00:00,16.4,-77.0
2020279N16284,DELTA,2020-10-05 03:00:00,16.4,-77.4
2020279N16284,DELTA,2020-10-05 06:00:00,16.4,-77.7
2020279N16284,DELTA,2020-10-05 09:00:00,16.4,-78.1
2020279N16284,DELTA,2020-10-05 12:00:00,16.4,-78.4
2020279N16284,DELTA,2020-10-05 15:00:00,16.4,-78.8
2020279N16284,DELTA,2020-10-05 18:00:00,16.4,-79.1
2020279N16284,DELTA,2020-10-05 21:00:00,16.5,-79.4
2020279N16284,DELTA,2020-10-06 00:00:00,16.6,-79.8
2020279N16284,DELTA,2020-10-06 03:00:00,16.8,-80.2
2020279N16284,DELTA,2020-10-06 06:00:00,17.1,-80.7
2020279N16284,DELTA,2020-10-06 09:00:00,17.4,-81.3
2020279N16284,DELTA,2020-10-06 12:00:00,17.8,-82.0
2020279N16284,DELTA,2020-10-06 15:00:00,18.1,-82.7
2020279N16284,DELTA,2020-10-06 18:00:00,18.5,-83.3
2020279N16284,DELTA,2020-10-06 21:00:00,18.9,-84.0
2020279N16284,DELTA,2020-10-07 00:00:00,19.3,-84.6
2020279N16284,DELTA,2020-10-07 03:00:00,19.7,-85.2
2020279N16284,DELTA,2020-10-07 06:00:00,20.1,-85.9
2020279N16284,DELTA,2020-10-07 09:00:00,20.5,-86.5
2020279N16284,DELTA,2020-10-07 10:30:00,20.8,-86.9
2020279N16284,DELTA,2020-10-07 12:00:00,21.1,-87.4
2020279N16284,DELTA,2020-10-07 15:00:00,21.5,-88.2
2020279N16284,DELTA,2020-10-07 18:00:00,21.7,-88.8
2020279N16284,DELTA,2020-10-07 21:00:00,22.0,-89.5
2020279N16284,DELTA,2020-10-08 00:00:00,22.3,-90.2
2020279N16284,DELTA,2020-10-08 03:00:00,22.6,-90.8
2020279N16284,DELTA,2020-10-08 06:00:00,23.0,-91.4
2020279N16284,DELTA,2020-10-08 09:00:00,23.3,-91.9
2020279N16284,DELTA,2020-10-08 12:00:00,23.7,-92.4
2020279N16284,DELTA,2020-10-08 15:00:00,24.1,-92.8
2020279N16284,DELTA,2020-10-08 18:00:00,24.5,-93.1
2020279N16284,DELTA,2020-10-08 21:00:00,24.9,-93.3
2020279N16284,DELTA,2020-10-09 00:00:00,25.3,-93.5
2020279N16284,DELTA,2020-10-09 03:00:00,25.8,-93.6
2020279N16284,DELTA,2020-10-09 06:00:00,26.3,-93.7
2020279N16284,DELTA,2020-10-09 09:00:00,26.9,-93.8
2020279N16284,DELTA,2020-10-09 12:00:00,27.5,-93.8
2020279N16284,DELTA,2020-10-09 15:00:00,28.1,-93.8
2020279N16284,DELTA,2020-10-09 18:00:00,28.7,-93.6
2020279N16284,DELTA,2020-10-09 21:00:00,29.3,-93.4
2020279N16284,DELTA,2020-10-09 23:00:00,29.8,-93.1
2020279N16284,DELTA,2020-10-10 00:00:00,30.1,-92.9
2020279N16284,DELTA,2020-10-10 03:00:00,30.8,-92.5
2020279N16284,DELTA,2020-10-10 06:00:00,31.4,-92.2
2020279N16284,DELTA,2020-10-10 09:00:00,32.0,-91.8
2020279N16284,DELTA,2020-10-10 12:00:00,32.5,-91.4
2020279N16284,DELTA,2020-10-10 15:00:00,32.9,-91.0
2020279N16284,DELTA,2020-10-10 18:00:00,33.3,-90.6
2020279N16284,DELTA,2020-10-10 21:00:00,33.6,-90.1
2020279N16284,DELTA,2020-10-11 00:00:00,33.9,-89.6
2020279N16284,DELTA,2020-10-11 03:00:00,34.2,-89.1
2020279N16284,DELTA,2020-10-11 06:00:00,34.4,-88.6
2020279N16284,DELTA,2020-10-11 09:00:00,34.6,-88.1
2020279N16284,DELTA,2020-10-11 12:00:00,34.8,-87.5
2020279N16284,DELTA,2020-10-11 15:00:00,35.0,-86.9
2020279N16284,DELTA,2020-10-11 18:00:00,35.1,-86.3
2020291N32305,EPSILON,2020-10-16 12:00:00,31.5,-54.9
2020291N32305,EPSILON,2020-10-16 15:00:00,31.4,-55.0
2020291N32305,EPSILON,2020-10-16 18:00:00,31.2,-55.1
2020291N32305,EPSILON,2020-10-16 21:00:00,31.0,-55.3
2020291N32305,EPSILON,2020-10-17 00:00:00,30.9,-55.5
2020291N32305,EPSILON,2020-10-17 03:00:00,30.8,-55.7
2020291N32305,EPSILON,2020-10-17 06:00:00,30.7,-55.9
2020291N32305,EPSILON,2020-10-17 09:00:00,30.5,-56.1
2020291N32305,EPSILON,2020-10-17 12:00:00,30.3,-56.2
2020291N32305,EPSILON,2020-10-17 15:00:00,30.0,-56.3
2020291N32305,EPSILON,2020-10-17 18:00:00,29.7,-56.3
2020291N32305,EPSILON,2020-10-17 21:00:00,29.3,-56.3
2020291N32305,EPSILON,2020-10-18 00:00:00,28.9,-56.3
2020291N32305,EPSILON,2020-10-18 03:00:00,28.5,-56.3
2020291N32305,EPSILON,2020-10-18 06:00:00,28.1,-56.3
2020291N32305,EPSILON,2020-10-18 09:00:00,27.7,-56.3
2020291N32305,EPSILON,2020-10-18 12:00:00,27.3,-56.4
2020291N32305,EPSILON,2020-10-18 15:00:00,26.8,-56.5
2020291N32305,EPSILON,2020-10-18 18:00:00,26.4,-56.6
2020291N32305,EPSILON,2020-10-18 21:00:00,26.0,-56.5
2020291N32305,EPSILON,2020-10-19 00:00:00,25.7,-56.3
2020291N32305,EPSILON,2020-10-19 03:00:00,25.6,-56.1
2020291N32305,EPSILON,2020-10-19 06:00:00,25.5,-55.9
2020291N32305,EPSILON,2020-10-19 09:00:00,25.4,-55.7
2020291N32305,EPSILON,2020-10-19 12:00:00,25.4,-55.6
2020291N32305,EPSILON,2020-10-19 15:00:00,25.3,-55.5
2020291N32305,EPSILON,2020-10-19 18:00:00,25.3,-55.4
2020291N32305,EPSILON,2020-10-19 21:00:00,25.2,-55.3
2020291N32305,EPSILON,2020-10-20 00:00:00,25.2,-55.2
2020291N32305,EPSILON,2020-10-20 03:00:00,25.3,-55.1
2020291N32305,EPSILON,2020-10-20 06:00:00,25.5,-54.9
2020291N32305,EPSILON,2020-10-20 09:00:00,25.8,-54.7
2020291N32305,EPSILON,2020-10-20 12:00:00,26.2,-54.7
2020291N32305,EPSILON,2020-10-20 15:00:00,26.7,-54.9
2020291N32305,EPSILON,2020-10-20 18:00:00,27.3,-55.3
2020291N32305,EPSILON,2020-10-20 21:00:00,27.9,-55.7
2020291N32305,EPSILON,2020-10-21 00:00:00,28.3,-56.3
2020291N32305,EPSILON,2020-10-21 03:00:00,28.6,-57.0
2020291N32305,EPSILON,2020-10-21 06:00:00,28.7,-57.7
2020291N32305,EPSILON,2020-10-21 09:00:00,28.8,-58.2
2020291N32305,EPSILON,2020-10-21 12:00:00,28.9,-58.7
2020291N32305,EPSILON,2020-10-21 15:00:00,29.1,-59.2
2020291N32305,EPSILON,2020-10-21 18:00:00,29.3,-59.6
2020291N32305,EPSILON,2020-10-21 21:00:00,29.4,-60.0
2020291N32305,EPSILON,2020-10-22 00:00:00,29.5,-60.4
2020291N32305,EPSILON,2020-10-22 03:00:00,29.8,-60.7
2020291N32305,EPSILON,2020-10-22 06:00:00,30.2,-60.9
2020291N32305,EPSILON,2020-10-22 09:00:00,30.5,-61.1
2020291N32305,EPSILON,2020-10-22 12:00:00,30.8,-61.3
2020291N32305,EPSILON,2020-10-22 15:00:00,31.1,-61.4
2020291N32305,EPSILON,2020-10-22 18:00:00,31.5,-61.5
2020291N32305,EPSILON,2020-10-22 21:00:00,31.8,-61.6
2020291N32305,EPSILON,2020-10-23 00:00:00,32.2,-61.6
2020291N32305,EPSILON,2020-10-23 03:00:00,32.5,-61.6
2020291N32305,EPSILON,2020-10-23 06:00:00,32.9,-61.6
2020291N32305,EPSILON,2020-10-23 09:00:00,33.3,-61.6
2020291N32305,EPSILON,2020-10-23 12:00:00,33.7,-61.6
2020291N32305,EPSILON,2020-10-23 15:00:00,34.3,-61.6
2020291N32305,EPSILON,2020-10-23 18:00:00,34.9,-61.7
2020291N32305,EPSILON,2020-10-23 21:00:00,35.5,-61.8
2020291N32305,EPSILON,2020-10-24 00:00:00,36.1,-62.0
2020291N32305,EPSILON,2020-10-24 03:00:00,36.5,-62.1
2020291N32305,EPSILON,2020-10-24 06:00:00,36.8,-62.1
2020291N32305,EPSILON,2020-10-24 09:00:00,37.1,-61.8
2020291N32305,EPSILON,2020-10-24 12:00:00,37.4,-61.3
2020291N32305,EPSILON,2020-10-24 15:00:00,37.9,-60.6
2020291N32305,EPSILON,2020-10-24 18:00:00,38.6,-59.7
2020291N32305,EPSILON,2020-10-24 21:00:00,39.4,-58.7
2020291N32305,EPSILON,2020-10-25 00:00:00,40.3,-57.6
2020291N32305,EPSILON,2020-10-25 03:00:00,41.2,-56.5
2020291N32305,EPSILON,2020-10-25 06:00:00,42.0,-55.2
2020291N32305,EPSILON,2020-10-25 09:00:00,42.6,-53.7
2020291N32305,EPSILON,2020-10-25 12:00:00,43.3,-51.8
2020291N32305,EPSILON,2020-10-25 15:00:00,44.1,-49.5
2020291N32305,EPSILON,2020-10-25 18:00:00,45.0,-46.9
2020291N32305,EPSILON,2020-10-25 21:00:00,46.0,-44.2
2020291N32305,EPSILON,2020-10-26 00:00:00,47.2,-41.2
2020291N32305,EPSILON,2020-10-26 03:00:00,48.3,-38.0
2020291N32305,EPSILON,2020-10-26 06:00:00,49.5,-34.7
2020291N32305,EPSILON,2020-10-26 09:00:00,50.8,-31.6
2020291N32305,EPSILON,2020-10-26 12:00:00,52.1,-28.5
2020299N18277,ZETA,2020-10-24 12:00:00,18.4,-82.6
2020299N18277,ZETA,2020-10-24 15:00:00,18.3,-82.8
2020299N18277,ZETA,2020-10-24 18:00:00,18.2,-83.0
2020299N18277,ZETA,2020-10-24 21:00:00,18.1,-83.1
2020299N18277,ZETA,2020-10-25 00:00:00,18.0,-83.2
2020299N18277,ZETA,2020-10-25 03:00:00,17.8,-83.4
2020299N18277,ZETA,2020-10-25 06:00:00,17.7,-83.5
2020299N18277,ZETA,2020-10-25 09:00:00,17.7,-83.6
2020299N18277,ZETA,2020-10-25 12:00:00,17.8,-83.6
2020299N18277,ZETA,2020-10-25 15:00:00,17.9,-83.6
2020299N18277,ZETA,2020-10-25 18:00:00,18.0,-83.7
2020299N18277,ZETA,2020-10-25 21:00:00,18.1,-83.7
2020299N18277,ZETA,2020-10-26 00:00:00,18.2,-83.8
2020299N18277,ZETA,2020-10-26 03:00:00,18.3,-83.9
2020299N18277,ZETA,2020-10-26 06:00:00,18.5,-84.1
2020299N18277,ZETA,2020-10-26 09:00:00,18.7,-84.4
2020299N18277,ZETA,2020-10-26 12:00:00,18.9,-84.8
2020299N18277,ZETA,2020-10-26 15:00:00,19.1,-85.2
2020299N18277,ZETA,2020-10-26 18:00:00,19.4,-85.7
2020299N18277,ZETA,2020-10-26 21:00:00,19.6,-86.1
2020299N18277,ZETA,2020-10-27 00:00:00,19.9,-86.6
2020299N18277,ZETA,2020-10-27 03:00:00,20.3,-87.2
2020299N18277,ZETA,2020-10-27 03:55:00,20.4,-87.4
2020299N18277,ZETA,2020-10-27 06:00:00,20.6,-87.9
2020299N18277,ZETA,2020-10-27 09:00:00,20.9,-88.5
2020299N18277,ZETA,2020-10-27 12:00:00,21.3,-89.0
2020299N18277,ZETA,2020-10-27 15:00:00,21.7,-89.5
2020299N18277,ZETA,2020-10-27 18:00:00,22.2,-90.0
2020299N18277,ZETA,2020-10-27 21:00:00,22.7,-90.4
2020299N18277,ZETA,2020-10-28 00:00:00,23.2,-90.8
2020299N18277,ZETA,2020-10-28 03:00:00,23.8,-91.2
2020299N18277,ZETA,2020-10-28 06:00:00,24.4,-91.5
2020299N18277,ZETA,2020-10-28 09:00:00,25.1,-91.7
2020299N18277,ZETA,2020-10-28 12:00:00,26.0,-91.7
2020299N18277,ZETA,2020-10-28 15:00:00,26.9,-91.5
2020299N18277,ZETA,2020-10-28 18:00:00,28.0,-91.1
2020299N18277,ZETA,2020-10-28 21:00:00,29.2,-90.6
2020299N18277,ZETA,2020-10-29 00:00:00,30.2,-89.9
2020299N18277,ZETA,2020-10-29 03:00:00,31.4,-88.9
2020299N18277,ZETA,2020-10-29 06:00:00,32.8,-87.5
2020299N18277,ZETA,2020-10-29 09:00:00,34.1,-85.8
2020299N18277,ZETA,2020-10-29 12:00:00,35.3,-83.6
2020299N18277,ZETA,2020-10-29 15:00:00,36.6,-81.1
2020299N18277,ZETA,2020-10-29 18:00:00,37.8,-78.2
2020299N18277,ZETA,2020-10-29 21:00:00,38.7,-75.0
2020299N18277,ZETA,2020-10-30 00:00:00,39.5,-71.7
2020306N15288,ETA,2020-10-31 18:00:00,14.9,-72.4
2020306N15288,ETA,2020-10-31 21:00:00,14.9,-73.0
2020306N15288,ETA,2020-11-01 00:00:00,14.9,-73.6
2020306N15288,ETA,2020-11-01 03:00:00,14.9,-74.3
2020306N15288,ETA,2020-11-01 06:00:00,14.9,-75.1
2020306N15288,ETA,2020-11-01 09:00:00,14.9,-75.9
2020306N15288,ETA,2020-11-01 12:00:00,14.9,-76.7
2020306N15288,ETA,2020-11-01 15:00:00,14.9,-77.5
2020306N15288,ETA,2020-11-01 18:00:00,14.9,-78.2
2020306N15288,ETA,2020-11-01 21:00:00,14.9,-78.8
2020306N15288,ETA,2020-11-02 00:00:00,14.9,-79.4
2020306N15288,ETA,2020-11-02 03:00:00,14.9,-79.9
2020306N15288,ETA,2020-11-02 06:00:00,14.9,-80.4
2020306N15288,ETA,2020-11-02 09:00:00,14.9,-80.8
2020306N15288,ETA,2020-11-02 12:00:00,14.8,-81.2
2020306N15288,ETA,2020-11-02 15:00:00,14.8,-81.6
2020306N15288,ETA,2020-11-02 18:00:00,14.7,-82.0
2020306N15288,ETA,2020-11-02 21:00:00,14.5,-82.3
2020306N15288,ETA,2020-11-03 00:00:00,14.3,-82.5
2020306N15288,ETA,2020-11-03 03:00:00,14.1,-82.7
2020306N15288,ETA,2020-11-03 06:00:00,14.0,-82.9
2020306N15288,ETA,2020-11-03 09:00:00,13.8,-83.0
2020306N15288,ETA,2020-11-03 12:00:00,13.6,-83.1
2020306N15288,ETA,2020-11-03 15:00:00,13.6,-83.2
2020306N15288,ETA,2020-11-03 18:00:00,13.7,-83.3
2020306N15288,ETA,2020-11-03 21:00:00,13.8,-83.5
2020306N15288,ETA,2020-11-04 00:00:00,13.8,-83.7
2020306N15288,ETA,2020-11-04 03:00:00,13.8,-84.0
2020306N15288,ETA,2020-11-04 06:00:00,13.8,-84.3
2020306N15288,ETA,2020-11-04 09:00:00,13.8,-84.6
2020306N15288,ETA,2020-11-04 12:00:00,13.8,-84.9
2020306N15288,ETA,2020-11-04 15:00:00,13.8,-85.1
2020306N15288,ETA,2020-11-04 18:00:00,13.9,-85.4
2020306N15288,ETA,2020-11-04 21:00:00,13.9,-85.7
2020306N15288,ETA,2020-11-05 00:00:00,14.0,-86.0
2020306N15288,ETA,2020-11-05 03:00:00,14.1,-86.3
2020306N15288,ETA,2020-11-05 06:00:00,14.2,-86.7
2020306N15288,ETA,2020-11-05 09:00:00,14.3,-87.1
2020306N15288,ETA,2020-11-05 12:00:00,14.5,-87.5
2020306N15288,ETA,2020-11-05 15:00:00,14.9,-87.7
2020306N15288,ETA,2020-11-05 18:00:00,15.3,-87.8
2020306N15288,ETA,2020-11-05 21:00:00,15.8,-87.8
2020306N15288,ETA,2020-11-06 00:00:00,16.2,-87.8
2020306N15288,ETA,2020-11-06 03:00:00,16.5,-87.7
2020306N15288,ETA,2020-11-06 06:00:00,16.7,-87.6
2020306N15288,ETA,2020-11-06 09:00:00,16.8,-87.5
2020306N15288,ETA,2020-11-06 12:00:00,16.9,-87.4
2020306N15288,ETA,2020-11-06 15:00:00,17.0,-87.3
2020306N15288,ETA,2020-11-06 18:00:00,17.1,-87.1
2020306N15288,ETA,2020-11-06 21:00:00,17.3,-86.8
2020306N15288,ETA,2020-11-07 00:00:00,17.5,-86.4
2020306N15288,ETA,2020-11-07 03:00:00,17.8,-85.8
2020306N15288,ETA,2020-11-07 06:00:00,18.2,-85.1
2020306N15288,ETA,2020-11-07 09:00:00,18.7,-84.2
2020306N15288,ETA,2020-11-07 12:00:00,19.1,-83.2
2020306N15288,ETA,2020-11-07 15:00:00,19.5,-82.3
2020306N15288,ETA,2020-11-07 18:00:00,19.8,-81.5
2020306N15288,ETA,2020-11-07 21:00:00,20.1,-80.8
2020306N15288,ETA,2020-11-08 00:00:00,20.4,-80.2
2020306N15288,ETA,2020-11-08 03:00:00,20.7,-79.8
2020306N15288,ETA,2020-11-08 06:00:00,21.1,-79.5
2020306N15288,ETA,2020-11-08 08:55:00,21.5,-79.2
2020306N15288,ETA,2020-11-08 09:00:00,21.5,-79.2
2020306N15288,ETA,2020-11-08 12:00:00,22.2,-79.0
2020306N15288,ETA,2020-11-08 15:00:00,22.9,-79.0
2020306N15288,ETA,2020-11-08 18:00:00,23.5,-79.2
2020306N15288,ETA,2020-11-08 21:00:00,24.1,-79.6
2020306N15288,ETA,2020-11-09 00:00:00,24.5,-80.1
2020306N15288,ETA,2020-11-09 03:00:00,24.8,-80.5
2020306N15288,ETA,2020-11-09 04:00:00,24.9,-80.7
2020306N15288,ETA,2020-11-09 06:00:00,25.0,-81.4
2020306N15288,ETA,2020-11-09 09:00:00,25.0,-82.2
2020306N15288,ETA,2020-11-09 12:00:00,24.9,-82.9
2020306N15288,ETA,2020-11-09 15:00:00,24.6,-83.5
2020306N15288,ETA,2020-11-09 18:00:00,24.2,-84.1
2020306N15288,ETA,2020-11-09 21:00:00,23.8,-84.6
2020306N15288,ETA,2020-11-10 00:00:00,23.4,-85.0
2020306N15288,ETA,2020-11-10 03:00:00,23.2,-85.3
2020306N15288,ETA,2020-11-10 06:00:00,23.0,-85.4
2020306N15288,ETA,2020-11-10 09:00:00,22.7,-85.4
2020306N15288,ETA,2020-11-10 12:00:00,22.6,-85.3
2020306N15288,ETA,2020-11-10 15:00:00,22.7,-85.2
2020306N15288,ETA,2020-11-10 18:00:00,22.9,-85.1
2020306N15288,ETA,2020-11-10 21:00:00,23.1,-84.9
2020306N15288,ETA,2020-11-11 00:00:00,23.5,-84.6
2020306N15288,ETA,2020-11-11 03:00:00,23.9,-84.4
2020306N15288,ETA,2020-11-11 06:00:00,24.5,-84.2
2020306N15288,ETA,2020-11-11 09:00:00,25.1,-84.0
2020306N15288,ETA,2020-11-11 12:00:00,25.8,-83.9
2020306N15288,ETA,2020-11-11 15:00:00,26.3,-83.8
2020306N15288,ETA,2020-11-11 18:00:00,26.8,-83.7
2020306N15288,ETA,2020-11-11 21:00:00,27.4,-83.6
2020306N15288,ETA,2020-11-12 00:00:00,27.9,-83.5
2020306N15288,ETA,2020-11-12 03:00:00,28.3,-83.4
2020306N15288,ETA,2020-11-12 06:00:00,28.7,-83.2
2020306N15288,ETA,2020-11-12 09:00:00,29.1,-82.9
2020306N15288,ETA,2020-11-12 09:20:00,29.2,-82.9
2020306N15288,ETA,2020-11-12 12:00:00,29.7,-82.5
2020306N15288,ETA,2020-11-12 15:00:00,30.3,-81.9
2020306N15288,ETA,2020-11-12 18:00:00,30.9,-81.3
2020306N15288,ETA,2020-11-12 21:00:00,31.4,-80.7
2020306N15288,ETA,2020-11-13 00:00:00,31.9,-79.9
2020306N15288,ETA,2020-11-13 03:00:00,32.3,-79.0
2020306N15288,ETA,2020-11-13 06:00:00,32.7,-78.0
2020306N15288,ETA,2020-11-13 09:00:00,33.3,-76.7
2020306N15288,ETA,2020-11-13 12:00:00,34.0,-75.3
2020306N15288,ETA,2020-11-13 15:00:00,34.6,-73.9
2020306N15288,ETA,2020-11-13 18:00:00,35.1,-72.5
2020306N15288,ETA,2020-11-13 21:00:00,35.5,-70.9
2020306N15288,ETA,2020-11-14 00:00:00,35.7,-69.2
